t_s,label,cpu_system_pct,mem_available_mb,load1,cpu_px4_pct_core,rss_px4_mb,cpu_mavros_pct_core,rss_mavros_mb,cpu_agents_pct_core,rss_agents_mb,cpu_tools_pct_core,rss_tools_mb
1.2,boot,99.8,4254,53.33,95.6,94.8,145.9,510.7,0.0,0.0,76.0,97.8
2.7,boot,99.8,4077,52.1,117.0,95.6,223.6,761.2,0.0,0.0,18.1,100.1
4.1,boot,100.0,4007,52.1,106.8,96.1,240.7,825.5,0.0,0.0,20.8,102.6
5.5,boot,100.0,3955,52.1,112.1,96.3,234.0,880.5,0.0,0.0,17.9,104.1
9.4,boot,99.9,3886,55.21,111.8,96.4,223.4,955.5,0.0,0.0,14.8,106.3
11.8,mission,99.8,3842,54.0,119.1,96.4,187.1,956.9,0.0,0.0,17.7,106.5
13.1,mission,99.8,3799,54.0,137.1,96.4,110.3,956.9,0.0,0.0,7.3,106.5
15.0,mission,100.0,3680,54.0,128.0,96.4,96.0,957.0,125.1,176.4,33.9,136.0
16.3,mission,100.0,3593,54.0,104.8,96.4,59.4,957.0,124.5,291.4,29.3,155.4
18.3,mission,100.0,3518,53.11,105.6,96.4,69.1,957.0,139.7,395.7,22.2,168.4
20.5,mission,99.9,3552,53.11,114.9,96.4,76.7,957.0,144.6,467.2,17.4,179.4
23.3,mission,100.0,3440,54.47,103.5,96.4,116.1,961.6,101.4,514.3,41.4,240.3
26.2,mission,100.0,3400,54.47,99.4,96.4,130.2,964.4,101.5,551.5,28.1,263.4
27.9,mission,100.0,3379,54.67,107.4,96.4,104.3,965.3,122.3,568.3,23.5,270.8
29.8,mission,100.0,3333,54.67,116.0,96.4,124.1,967.9,118.3,630.6,21.9,271.6
33.2,mission,100.0,3251,57.66,89.0,96.4,128.2,973.2,116.7,713.6,24.3,273.6
36.3,mission,100.0,3099,57.66,83.3,96.4,118.0,981.3,115.7,840.4,29.1,276.6
38.8,mission,100.0,3105,60.73,91.1,96.4,131.1,988.0,106.3,895.2,29.9,277.3
41.5,mission,100.0,3025,63.23,89.6,96.4,121.1,994.7,99.3,957.9,27.0,278.2
45.2,mission,100.0,3068,63.23,88.5,96.4,136.6,999.5,104.9,1000.8,32.7,279.6
50.4,mission,100.0,3084,65.54,81.2,96.4,131.0,1003.9,83.4,1020.8,26.7,279.9
55.5,flight,100.0,3089,65.9,99.4,96.4,117.3,1004.7,95.7,1024.2,26.1,279.9
58.8,flight,100.0,3079,66.54,108.9,96.4,92.6,1004.7,96.7,1024.3,31.0,279.9
62.3,flight,99.9,3074,65.62,107.1,96.4,94.4,1004.7,117.6,1024.3,35.4,279.9
65.2,flight,99.9,3102,65.62,107.5,96.4,93.0,1004.7,114.4,1024.3,35.0,279.9
68.2,flight,99.9,3093,64.85,108.3,96.4,95.9,1004.7,104.1,1024.3,30.6,279.9
70.9,flight,99.8,3096,64.85,102.5,96.4,91.0,1004.7,118.9,1024.3,34.1,279.9
73.3,flight,100.0,3091,63.82,111.4,96.4,100.5,1004.7,110.8,1024.3,34.3,279.9
75.3,flight,99.9,3092,63.82,110.0,96.4,104.5,1004.8,114.2,1024.3,35.8,279.9
78.0,flight,99.9,3090,63.03,107.8,96.4,94.5,1004.8,115.5,1024.3,36.2,279.9
79.8,flight,100.0,3106,63.03,100.8,96.4,86.6,1004.8,101.3,1024.3,34.9,279.9
83.3,flight,99.9,3094,63.67,109.4,96.4,100.9,1004.8,114.7,1024.3,34.7,279.9
86.2,flight,99.9,3092,63.67,110.7,96.4,103.9,1004.8,112.4,1024.4,33.3,279.9
89.1,flight,99.9,3092,64.18,108.5,96.4,97.3,1004.8,118.7,1024.4,32.9,279.9
91.2,flight,99.9,3096,64.18,106.0,96.4,99.1,1004.8,111.1,1024.4,36.1,279.9
94.4,flight,99.9,3093,62.88,108.5,96.4,102.2,1004.8,116.9,1024.4,32.4,279.9
97.2,flight,99.8,3102,61.77,99.2,96.4,95.9,1004.8,113.7,1024.5,33.6,279.9
99.2,flight,100.0,3098,61.77,103.3,96.4,95.4,1004.8,117.6,1024.5,35.3,279.9
101.9,flight,99.9,3102,61.95,108.9,96.4,92.7,1004.8,117.1,1024.5,39.4,279.9
104.2,flight,99.9,3104,61.95,111.2,96.4,94.8,1004.8,114.0,1024.6,35.9,279.9
107.4,flight,100.0,3088,61.15,111.5,96.4,102.8,1004.8,116.7,1024.6,33.7,279.9
110.7,flight,99.8,3100,61.15,108.8,96.4,100.3,1004.8,114.8,1024.6,32.4,280.0
113.4,flight,99.8,3102,60.9,109.2,96.4,104.9,1004.8,114.7,1024.6,33.6,280.0
115.7,flight,99.9,3106,60.9,105.7,96.4,96.6,1004.8,104.3,1024.7,34.9,280.0
116.9,flight,99.8,3100,61.39,108.7,96.4,92.9,1004.8,120.2,1024.7,37.6,280.0
120.1,flight,99.9,3103,61.39,108.7,96.4,99.0,1004.8,112.8,1024.7,35.0,280.0
122.2,flight,99.8,3101,62.08,104.4,96.4,94.7,1004.8,113.2,1024.7,36.4,280.0
123.9,flight,99.9,3105,62.08,107.0,96.4,94.7,1004.8,118.9,1024.7,40.9,280.0
126.8,flight,99.9,3104,61.27,109.9,96.4,99.4,1004.8,116.7,1024.7,34.4,280.0
129.8,flight,99.9,3127,61.27,109.0,96.4,102.2,1004.8,113.5,1024.7,34.2,280.0
131.7,flight,100.0,3221,59.33,101.1,86.7,95.3,903.6,112.1,922.0,42.1,279.9
134.0,flight,99.9,3240,59.33,100.6,86.7,93.9,902.5,122.0,919.7,38.2,279.4
136.3,flight,99.9,3239,59.33,101.3,86.7,93.6,902.2,116.5,919.3,42.6,279.1
138.9,flight,99.8,3252,59.38,100.3,86.7,93.7,902.2,106.4,919.3,36.7,279.1
140.9,flight,100.0,3244,59.38,100.6,86.7,97.4,902.3,114.4,919.3,38.9,279.1
142.8,flight,99.9,3243,60.07,104.1,86.7,102.9,902.3,108.3,919.3,40.9,279.2
145.2,flight,99.9,3248,60.07,104.4,86.7,99.6,902.2,116.7,919.4,38.5,279.1
147.4,flight,99.8,3241,58.79,102.6,86.7,96.3,902.2,119.9,919.4,42.0,279.1
149.0,flight,99.8,3241,58.79,97.2,86.7,102.9,902.3,110.0,919.4,42.0,279.1
151.1,flight,100.0,3238,58.79,98.0,86.7,100.6,902.2,113.2,919.4,39.2,279.1
153.2,flight,99.8,3234,59.6,106.6,86.7,89.2,902.2,117.7,919.4,38.6,279.1
154.8,flight,100.0,3238,59.6,104.8,86.7,103.2,902.2,120.2,919.4,40.0,279.1
157.8,flight,99.8,3239,59.23,105.2,86.7,96.9,902.2,115.5,919.4,30.9,279.1
160.1,flight,99.8,3241,59.23,99.2,86.7,91.2,902.2,119.2,919.4,38.5,279.1
162.8,flight,99.7,3234,58.58,100.4,86.7,89.9,902.2,118.4,919.5,35.9,279.1
164.3,flight,99.8,3241,58.58,100.9,86.7,94.3,902.2,109.1,919.5,39.1,279.1
166.6,flight,100.0,3244,58.85,104.7,86.7,93.7,902.2,121.2,919.5,41.3,279.1
168.0,flight,99.8,3245,58.85,102.2,86.7,88.2,902.2,124.4,919.5,40.6,279.1
170.7,flight,99.9,3242,58.85,103.2,86.7,91.2,902.2,117.3,919.5,36.3,279.1
172.6,flight,99.9,3234,58.14,99.6,86.7,98.4,902.2,120.3,919.5,39.4,279.1
174.6,flight,99.9,3233,58.14,102.5,86.7,91.0,902.2,122.8,919.5,39.9,279.1
176.5,flight,99.7,3233,58.14,100.7,86.7,92.1,902.2,122.1,919.5,37.5,279.1
178.2,flight,99.9,3228,57.81,98.7,86.7,92.7,902.2,114.9,919.6,41.6,279.1
179.9,flight,99.9,3226,57.81,97.8,86.7,97.1,902.2,117.8,919.6,39.3,279.1
181.6,flight,100.0,3227,57.74,103.5,86.7,101.3,902.2,108.3,919.6,36.5,279.1
183.7,flight,99.9,3229,57.74,104.0,86.7,95.6,902.2,120.3,919.6,42.0,279.1
186.3,flight,99.9,3231,57.74,102.7,86.7,99.7,902.2,122.6,919.6,34.1,279.1
188.1,flight,99.9,3227,57.76,109.0,86.7,98.3,902.2,108.5,919.6,39.3,279.1
190.3,flight,100.0,3227,57.76,100.6,86.7,98.2,902.2,108.3,919.6,36.7,279.1
191.9,flight,99.8,3238,59.95,97.4,86.7,89.1,902.2,107.3,919.6,33.9,279.1
194.0,flight,99.8,3228,59.95,95.6,86.7,88.0,902.2,128.8,919.6,41.7,279.1
195.6,flight,99.7,3229,59.95,99.8,86.7,93.0,902.2,115.0,919.6,39.5,279.1
197.9,flight,99.9,3232,58.27,101.6,86.7,89.2,902.2,117.7,919.6,41.6,279.1
199.9,flight,99.9,3231,58.27,103.4,86.7,93.7,902.2,118.6,919.6,37.8,279.1
202.5,flight,99.9,3242,57.29,106.1,86.7,103.9,902.2,105.8,919.6,33.8,279.1
203.7,flight,99.8,3233,57.29,100.6,86.7,88.0,902.2,113.7,919.6,39.3,279.1
206.0,flight,99.9,3241,57.29,105.7,86.7,91.9,902.2,119.9,919.6,39.3,279.1
209.1,flight,99.9,3234,56.06,104.9,86.7,100.9,902.2,116.4,919.6,36.5,279.1
210.4,flight,99.8,3230,56.06,99.4,86.7,95.5,902.2,112.8,919.6,39.2,279.1
213.0,flight,99.7,3228,55.9,101.6,86.7,91.8,902.2,126.2,919.6,35.6,279.1
214.6,flight,100.0,3223,55.9,96.8,86.7,85.6,902.2,118.6,919.6,39.9,279.1
216.9,flight,99.9,3236,55.18,104.4,86.7,101.2,902.2,113.1,919.6,39.2,279.1
219.5,flight,100.0,3225,55.18,102.4,86.7,96.2,902.2,114.5,919.6,39.4,279.1
221.2,flight,99.9,3228,55.18,100.4,86.7,93.4,902.2,124.7,919.6,38.7,279.1
223.1,flight,100.0,3229,53.73,105.6,86.7,97.2,902.2,117.1,919.6,41.4,279.2
224.6,flight,99.8,3226,53.73,98.6,86.7,93.7,902.2,123.5,919.6,42.5,279.2
226.5,flight,100.0,3227,53.73,111.6,86.7,105.8,902.2,109.6,919.6,39.3,279.2
228.5,flight,99.8,3226,53.67,99.7,86.7,89.3,902.2,121.1,919.6,36.8,279.2
231.2,flight,99.7,3224,53.67,100.9,86.7,95.2,902.2,118.3,919.6,37.5,279.2
233.9,flight,99.9,3223,53.7,102.0,86.7,92.9,902.2,119.4,919.6,38.3,279.2
236.1,flight,99.9,3215,53.7,103.7,86.7,98.1,902.2,117.1,919.6,36.6,279.2
238.4,flight,100.0,3211,53.56,102.0,86.7,100.1,902.2,113.2,919.6,38.9,279.2
240.1,flight,99.9,3255,53.56,100.7,86.7,86.4,902.2,123.3,919.6,38.4,279.2
241.4,flight,99.8,3255,53.56,96.9,86.7,89.1,902.2,116.2,919.6,38.5,279.2
243.5,flight,99.9,3235,53.83,107.3,86.7,100.6,902.2,119.6,919.6,38.2,279.2
245.3,flight,99.9,3231,53.83,105.2,86.7,106.1,902.2,114.6,919.6,40.1,279.2
247.3,flight,99.9,3232,54.25,107.5,86.7,95.2,902.2,117.1,919.6,38.8,279.2
249.1,flight,100.0,3236,54.25,97.1,86.7,90.7,902.2,95.4,919.6,36.7,279.2
252.0,flight,99.9,3134,52.55,98.9,86.7,92.8,902.2,100.9,919.6,33.0,279.2
253.9,flight,100.0,3112,52.55,99.3,86.7,89.4,902.2,94.2,919.6,31.8,279.2
255.4,flight,100.0,3115,52.55,94.3,86.7,80.8,902.2,88.9,919.6,32.0,279.2
257.6,flight,99.8,3091,52.9,91.2,86.7,91.4,902.2,100.3,919.6,34.3,279.2
260.1,flight,99.9,3178,52.9,97.5,86.7,91.9,902.2,121.1,919.6,35.7,279.2
262.2,flight,99.9,3179,54.03,94.9,86.7,89.6,902.2,125.2,919.6,40.5,279.2
264.0,flight,99.9,3172,54.03,93.0,86.7,90.8,902.2,112.6,919.6,39.6,279.2
265.2,flight,100.0,3172,54.03,98.2,86.7,100.1,902.2,114.6,919.6,37.5,279.2
267.3,flight,99.8,3176,53.47,96.5,86.7,92.3,902.2,123.4,919.6,39.4,279.2
268.6,flight,100.0,3174,53.47,101.9,86.7,91.2,902.2,115.1,919.6,44.2,279.2
271.5,flight,99.8,3177,53.47,99.0,86.7,93.3,902.2,121.2,919.6,33.7,279.2
274.0,flight,99.8,3186,53.67,100.2,86.7,94.6,902.2,118.7,919.6,37.6,279.2
275.4,flight,99.8,3189,53.67,96.1,86.7,90.7,902.2,114.2,919.6,43.8,279.2
277.5,flight,100.0,3193,55.7,97.6,86.7,93.6,902.2,122.1,919.6,38.1,279.2
278.6,flight,99.8,3190,55.7,98.4,86.7,88.2,902.2,121.3,919.6,43.3,279.2
281.1,flight,99.9,3173,55.7,101.6,86.7,93.9,902.2,119.5,919.6,39.5,279.2
284.0,flight,99.9,3170,55.4,104.8,86.7,97.4,902.2,117.8,919.6,36.2,279.2
285.5,flight,99.8,3166,55.4,102.5,86.7,90.2,902.2,116.8,919.6,40.4,279.2
288.1,flight,99.9,3162,57.05,97.5,86.7,88.8,902.2,127.8,919.6,38.8,279.2
290.5,flight,99.8,3158,57.05,94.8,86.7,91.1,902.2,113.5,919.6,36.3,279.2
292.6,flight,99.8,3164,56.57,103.2,86.7,94.7,902.2,118.4,919.6,37.4,279.2
295.8,flight,99.5,3202,56.57,99.7,86.7,98.9,902.2,114.1,919.6,33.6,279.2
297.6,flight,99.7,3210,56.68,104.1,86.7,98.8,902.2,113.0,919.6,38.3,279.2
299.5,flight,99.9,3207,56.68,107.1,86.7,105.2,902.2,112.1,919.6,37.4,279.2
301.8,flight,99.9,3198,55.83,99.1,86.7,103.4,902.2,114.8,919.6,35.5,279.2
303.8,flight,99.7,3185,55.83,99.8,86.7,96.8,902.2,116.8,919.6,35.2,279.2
305.3,flight,99.8,3176,55.83,102.9,86.7,100.4,902.2,109.6,919.6,38.0,279.2
308.0,flight,99.9,3176,54.56,106.2,86.7,99.9,902.2,114.1,919.6,36.6,279.2
309.3,flight,100.0,3171,54.56,107.5,86.7,87.6,902.2,113.9,919.6,43.1,279.2
311.5,flight,99.7,3167,54.56,100.2,86.7,94.2,902.2,118.6,919.6,39.0,279.2
313.5,flight,99.8,3161,54.11,104.0,86.7,94.2,902.2,118.1,919.6,41.8,279.2
315.6,flight,99.9,3173,54.11,96.2,86.7,91.8,902.2,114.6,919.6,34.2,279.2
317.6,flight,99.7,3170,54.75,99.7,86.7,93.7,902.2,121.4,919.6,36.5,279.2
320.4,flight,99.6,3169,54.75,98.6,86.7,91.3,902.2,121.5,919.6,37.0,279.2
322.5,flight,99.5,3168,54.69,97.7,86.7,91.8,902.2,120.0,919.6,37.1,279.2
324.1,flight,100.0,3173,54.69,101.7,86.7,88.4,902.2,110.1,919.6,39.8,279.2
325.7,flight,99.8,3167,54.69,98.0,86.7,88.5,902.2,105.9,919.6,40.8,279.2
328.2,flight,99.8,3175,55.03,103.2,86.7,92.0,902.2,118.2,919.6,35.9,279.2
329.8,flight,100.0,3169,55.03,97.0,86.7,94.6,902.2,115.2,919.6,39.2,279.2
331.3,flight,99.8,3169,55.03,99.5,86.7,90.5,902.2,118.4,919.6,37.9,279.2
333.2,flight,99.9,3172,55.59,102.7,86.7,94.7,902.2,119.2,919.6,39.4,279.2
335.0,flight,99.9,3169,55.59,101.4,86.7,94.0,902.2,112.8,919.6,36.7,279.2
336.2,flight,99.8,3164,55.59,99.3,86.7,88.5,902.2,118.4,919.6,44.2,279.2
338.2,flight,99.9,3165,56.18,100.1,86.7,93.1,902.2,101.4,919.6,37.5,279.2
341.2,flight,99.7,3223,56.18,101.2,86.7,95.8,902.2,115.7,919.6,35.4,279.2
343.0,flight,99.7,3215,56.17,102.4,86.7,96.7,902.2,109.4,919.6,41.1,279.2
345.0,flight,99.9,3199,56.17,95.1,86.7,92.6,902.2,116.1,919.6,38.7,279.2
347.6,flight,99.8,3189,54.79,98.1,86.7,86.0,902.2,121.3,919.6,38.5,279.2
349.3,flight,99.7,3187,54.79,96.6,86.7,89.3,902.2,115.2,919.6,39.6,279.2
350.6,flight,99.8,3193,54.79,94.7,86.7,87.0,902.2,114.6,919.6,44.5,279.2
352.2,flight,99.8,3188,55.05,104.8,86.7,91.6,902.2,112.9,919.6,42.5,279.2
354.5,flight,99.9,3193,55.05,104.4,86.7,95.8,902.2,118.7,919.6,36.8,279.2
356.0,flight,100.0,3193,55.05,99.1,86.7,99.2,902.2,118.6,919.6,41.3,279.2
357.7,flight,99.7,3183,54.73,98.4,86.7,81.3,902.3,123.5,919.6,41.0,279.2
359.5,flight,99.9,3186,54.73,102.2,86.7,96.7,902.3,115.1,919.6,40.3,279.3
360.9,flight,99.8,3178,54.73,102.9,86.7,91.4,902.3,115.2,919.6,41.5,279.3
362.2,flight,99.8,3171,54.91,95.8,86.7,96.4,902.3,109.6,919.6,42.0,279.3
364.2,flight,99.7,3164,54.91,102.7,86.7,93.4,902.3,125.7,919.6,37.7,279.3
365.5,flight,99.8,3177,54.91,100.1,86.7,93.6,902.3,125.3,919.6,41.5,279.3
367.2,flight,99.9,3161,53.79,100.8,86.7,96.0,902.3,115.2,919.6,34.8,279.3
368.4,flight,100.0,3169,53.79,97.6,86.7,84.9,902.3,105.1,919.6,37.7,279.3
370.6,flight,99.8,3169,53.79,99.4,86.7,94.7,902.3,125.3,919.6,35.6,279.3
373.1,flight,100.0,3169,52.69,100.8,86.7,93.2,902.3,118.3,919.6,36.9,279.3
375.5,flight,99.8,3164,52.69,100.8,86.7,89.1,902.3,122.0,919.6,39.5,279.3
377.8,flight,99.8,3162,53.35,98.6,86.7,97.2,902.3,123.4,919.6,32.5,279.3
379.7,flight,99.7,3163,53.35,100.7,86.7,85.5,902.3,129.0,919.6,42.7,279.3
382.1,flight,99.8,3166,52.37,104.2,86.7,90.0,902.3,116.8,919.6,35.7,279.3
383.8,flight,99.7,3173,52.37,100.6,86.7,93.2,902.3,114.6,919.6,32.9,279.3
385.4,flight,99.7,3171,52.37,98.5,86.7,97.5,902.3,114.2,919.6,37.5,279.3
387.4,flight,99.9,3171,52.74,103.2,86.7,98.9,902.3,116.8,919.6,40.4,279.3
388.8,flight,99.7,3157,52.74,95.3,86.7,96.0,902.3,113.4,919.6,40.3,279.3
390.3,flight,99.8,3157,52.74,95.7,86.7,89.4,902.3,114.8,919.6,39.7,279.3
391.8,flight,99.7,3158,53.08,95.6,86.7,89.7,902.3,119.4,919.6,44.0,279.3
393.7,flight,99.9,3155,53.08,98.6,86.7,98.0,902.3,103.9,919.6,40.3,279.3
395.3,flight,99.8,3160,53.08,103.0,86.7,106.6,902.3,111.4,919.6,39.3,279.3
396.9,flight,99.8,3161,54.19,99.3,86.7,98.3,902.3,106.3,919.6,42.7,279.3
398.9,flight,99.9,3158,54.19,100.5,86.7,90.0,902.3,119.1,919.6,40.7,279.3
400.9,flight,99.6,3164,54.19,99.6,86.7,98.0,902.3,114.9,919.6,38.2,279.3
402.8,flight,100.0,3163,54.1,90.4,86.7,82.4,902.3,127.7,919.6,44.5,279.3
404.9,flight,99.8,3165,54.1,96.4,86.7,92.4,902.3,111.8,919.6,38.1,279.3
407.0,flight,100.0,3164,53.93,99.3,86.7,88.6,902.3,113.0,919.6,38.7,279.3
409.2,flight,99.9,3151,53.93,103.1,86.7,97.6,902.3,113.2,919.6,37.4,279.3
411.6,flight,99.9,3158,53.93,99.3,86.7,91.2,902.3,119.6,919.6,39.0,279.3
413.3,flight,99.9,3159,52.89,96.7,86.7,95.8,902.3,121.4,919.6,42.3,279.3
415.5,flight,99.8,3155,52.89,101.5,86.7,94.0,902.3,115.0,919.6,39.9,279.3
417.0,flight,99.8,3157,53.14,97.5,86.7,93.9,902.3,117.8,919.6,38.1,279.3
419.5,flight,99.9,3154,53.14,102.1,86.7,90.2,902.3,118.3,919.6,35.6,279.3
421.2,flight,99.9,3154,53.14,98.6,86.7,91.2,902.3,120.0,919.6,39.7,279.3
422.3,flight,99.8,3152,53.21,102.0,86.7,90.7,902.3,120.8,919.6,42.0,279.3
423.9,flight,99.8,3150,53.21,106.6,86.7,97.9,902.3,118.4,919.6,40.9,279.3
425.9,flight,99.8,3148,53.21,100.3,86.7,92.1,902.3,121.7,919.6,37.1,279.3
428.2,flight,99.9,3148,52.15,96.8,86.7,93.6,902.3,113.3,919.6,36.2,279.3
430.6,flight,99.9,3145,52.15,100.0,86.7,98.1,902.3,113.8,919.6,37.1,279.3
432.1,flight,99.8,3143,51.18,94.1,86.8,90.6,902.3,121.4,919.6,41.3,279.3
434.1,flight,99.9,3144,51.18,100.1,86.8,92.1,902.3,126.4,919.6,42.4,279.3
437.0,flight,99.8,3137,51.65,98.0,86.8,98.5,902.3,122.0,919.6,37.0,279.3
439.1,shutdown,100.0,3697,51.65,91.1,86.8,95.7,890.6,51.0,0.0,21.1,108.7
