t_s,phase,cpu_system_pct,cpu_px4_pct_core,cpu_mavros_pct_core,cpu_harness_pct_core,rss_px4_mb,rss_mavros_mb,mem_available_mb,load1
1.0,boot,41.4,0.0,0.0,19.5,29.0,255.5,3766,17.89
2.1,boot,23.6,23.4,21.5,24.2,30.0,256.9,3769,17.89
3.1,prestream,25.9,25.1,24.1,30.1,30.4,256.9,3772,17.89
4.1,prestream,27.6,24.3,21.4,29.1,30.5,256.9,3767,17.89
5.1,arm_climb,28.2,23.4,23.3,31.0,30.5,257.0,3768,16.46
6.2,arm_climb,25.8,23.1,23.2,29.2,30.5,257.0,3768,16.46
7.2,arm_climb,25.0,24.4,22.4,29.0,30.6,257.0,3769,16.46
8.2,arm_climb,24.9,24.1,22.3,29.1,30.6,257.0,3769,16.46
9.3,arm_climb,25.2,24.3,22.4,29.1,30.6,257.0,3771,16.46
10.3,arm_climb,25.4,23.4,23.4,31.1,30.6,257.0,3771,15.22
11.3,arm_climb,24.9,24.2,21.4,29.1,30.6,257.0,3772,15.22
12.4,arm_climb,24.9,23.4,23.3,27.2,30.6,257.0,3772,15.22
13.4,arm_climb,25.1,24.4,23.4,28.2,30.6,257.0,3772,15.22
14.4,arm_climb,24.9,23.4,21.4,30.1,30.6,257.0,3772,14.24
15.4,arm_climb,23.9,24.3,24.3,28.2,30.6,257.0,3772,14.24
16.5,arm_climb,25.9,23.3,21.4,29.2,30.6,257.0,3770,14.24
17.5,hover,24.6,25.4,21.4,29.1,30.6,257.0,3770,14.24
18.5,hover,25.2,24.3,24.3,27.2,30.6,257.0,3769,14.24
19.6,hover,25.3,24.3,20.4,29.2,30.6,257.0,3771,13.34
20.6,hover,25.1,24.4,25.4,27.2,30.6,257.0,3772,13.34
21.6,hover,25.0,24.3,25.2,28.1,30.6,257.0,3769,13.34
22.7,hover,24.9,25.2,23.3,29.2,30.6,257.0,3770,13.34
23.7,hover,24.8,23.4,23.4,27.2,30.6,257.0,3773,13.34
24.7,hover,25.2,24.2,23.4,29.9,30.6,257.0,3773,12.35
25.8,hover,25.6,24.1,22.2,29.0,30.6,257.0,3773,12.35
26.8,hover,24.4,24.2,22.4,25.1,30.6,257.0,3773,12.35
27.8,hover,24.7,22.2,22.2,27.1,30.6,257.0,3771,12.35
28.8,hover,23.9,24.1,20.3,27.3,30.6,257.0,3771,12.35
29.9,hover,23.2,24.4,22.4,26.3,30.6,257.0,3772,11.85
30.9,hover,24.1,24.4,22.4,25.3,30.6,257.0,3772,11.85
31.9,hover,24.9,23.4,23.4,29.2,30.6,257.0,3770,11.85
33.0,hover,24.8,24.3,21.4,26.3,30.6,257.0,3770,11.85
34.0,hover,26.3,24.4,24.4,25.9,30.6,257.0,3767,11.85
35.0,hover,24.0,23.0,23.1,26.2,30.6,257.0,3767,11.06
36.1,hover,23.7,25.2,20.4,27.1,30.6,257.0,3768,11.06
37.1,hover,25.9,23.2,25.1,28.2,30.6,257.0,3767,11.06
38.1,hover,24.8,24.3,20.4,29.1,30.6,257.0,3768,11.06
39.2,hover,25.1,23.3,25.2,29.2,30.6,257.0,3768,11.06
40.2,hover,25.1,24.4,21.4,29.1,30.6,257.0,3769,10.17
41.2,hover,25.1,25.2,21.4,30.0,30.6,257.0,3769,10.17
42.3,hover,25.8,24.1,23.2,29.0,30.6,257.0,3769,10.17
43.3,hover,24.7,23.2,22.2,29.2,30.6,257.0,3770,10.17
44.3,hover,26.3,25.3,24.3,29.0,30.6,257.0,3772,10.17
45.3,hover,24.4,23.2,23.2,27.2,30.6,257.0,3771,9.36
46.4,hover,25.2,26.2,22.4,30.0,30.6,257.0,3773,9.36
47.4,land,25.0,24.3,21.4,28.1,30.6,257.0,3775,9.36
48.4,land,24.9,25.2,22.4,29.0,30.6,257.0,3777,9.36
49.5,land,25.1,22.2,24.1,28.1,30.6,257.0,3779,8.61
50.5,land,25.7,25.2,25.2,28.2,30.6,257.0,3783,8.61
51.5,land,25.1,25.2,25.2,29.1,30.6,257.0,3784,8.61
52.6,land,25.6,24.3,23.3,29.1,30.6,257.0,3785,8.61
53.6,land,25.2,23.2,20.3,28.2,30.6,257.0,3786,8.61
54.6,land,25.1,25.2,22.4,30.1,30.6,257.0,3786,8.08
55.7,land,25.3,23.3,22.4,30.0,30.6,257.0,3785,8.08
56.7,land,26.0,23.1,21.3,29.1,30.6,257.0,3785,8.08
57.7,land,25.5,27.1,23.3,26.2,30.6,257.0,3784,8.08
58.8,land,24.6,21.4,23.3,27.2,30.6,257.0,3785,8.08
59.8,land,24.4,24.3,23.3,27.2,30.6,257.0,3789,7.51
60.8,land,25.3,24.2,25.2,26.2,30.6,257.0,3789,7.51
61.8,land,24.6,25.3,20.4,28.2,30.6,257.0,3787,7.51
62.9,land,23.9,22.4,23.4,23.4,30.6,257.0,3787,7.51
63.9,land,23.1,24.4,22.4,27.3,30.6,257.0,3788,7.51
64.9,land,26.8,24.4,23.4,28.1,30.6,257.0,3787,6.99
65.9,land,23.7,22.4,21.3,26.3,30.6,257.0,3788,6.99
67.0,land,24.0,25.4,22.4,24.3,30.6,257.0,3788,6.99
68.0,done,23.7,24.2,22.3,26.2,30.6,257.0,3788,6.99
