time/time_elapsed,time/total_timesteps,time/fps,rollout/ep_rew_mean,rollout/ep_len_mean,time/iterations,train/clip_range,train/n_updates,train/value_loss,train/explained_variance,train/approx_kl,train/learning_rate,train/entropy_loss,train/loss,train/policy_gradient_loss,train/std,train/clip_fraction
4,13824,3216,18.795249938964844,230.5,1,,,,,,,,,,,
9,27648,3043,34.54700469970703,409.2857142857143,2,0.2,5,1.088627165555954,0.00566256046295166,0.004672106,0.0003,-0.836859256029129,0.4465118944644928,0.0001131777163983827,0.3674091696739197,0.03991608785581775
13,41472,3076,28.433259963989258,340.6363636363636,3,0.2,10,0.10506830587983132,0.07262438535690308,0.0024763471,0.0003,-0.8331803798675537,0.025654470548033714,-0.0006843216651894579,0.3666873276233673,0.01500289333537997
17,55296,3105,33.81428146362305,403.06,4,0.2,15,0.10593564348916212,0.13090717792510986,0.0031359291,0.0003,-0.8303164958953857,0.026470813900232315,-0.001345149228910921,0.36614614725112915,0.016362847125856207
22,69120,3054,31.910598754882812,379.76,5,0.2,20,0.07239898474266132,0.26869308948516846,0.0059576915,0.0003,-0.8257699052492777,0.01119178719818592,-0.0012839654932141305,0.3650195598602295,0.04233217528186894
27,82944,2979,41.99375534057617,491.78,6,0.2,25,0.07544766416152318,0.35309022665023804,0.0034359042,0.0003,-0.8181973377863566,0.026980919763445854,-0.001243063315050108,0.3633806109428406,0.010792824115681773
33,96768,2892,32.881370544433594,389.08,7,0.2,30,0.06388645519812902,0.4689183235168457,0.0036828972,0.0003,-0.8095481276512146,0.021499227732419968,-0.0028649543627613148,0.3622683882713318,0.04603587939248731
40,110592,2734,27.657358169555664,331.93,8,0.2,35,0.07138604658345381,0.5480094254016876,0.0032702002,0.0003,-0.8045326511065165,0.034616876393556595,-0.0013045934856631193,0.3610140085220337,0.014597800880437717
45,124416,2713,22.74542236328125,276.46,9,0.2,40,0.10948762632906436,0.5505180954933167,0.002484652,0.0003,-0.7988824605941772,0.048049986362457275,-0.0017384218925009817,0.3607051968574524,0.02199074065235133
50,138240,2734,30.31934356689453,361.21,10,0.2,45,0.06360901296138763,0.5695837736129761,0.00183411,0.0003,-0.7975860913594564,0.020133232697844505,-0.0008949197311772276,0.36028510332107544,0.010040509185637347
57,152064,2631,36.6196174621582,432.65,11,0.2,50,0.03144652104626099,0.6624193489551544,0.0038335163,0.0003,-0.7955896198749542,0.01757020503282547,-0.0028956876826769693,0.36005187034606934,0.051866319177982706
63,165888,2625,38.154239654541016,449.55,12,0.2,55,0.059423526749014854,0.7324599325656891,0.0027347284,0.0003,-0.793173470099767,0.021641602739691734,-0.001091280941961855,0.35948339104652405,0.028009259425258885
67,179712,2661,38.8751220703125,457.88,13,0.2,60,0.0558567492912213,0.7895344793796539,0.0034275118,0.0003,-0.7898362080256144,0.01725413091480732,-0.0013042643221692649,0.3585502505302429,0.01861979168994973
72,193536,2677,35.99473190307617,421.89,14,0.2,65,0.04960452144344648,0.8120110332965851,0.0013441608,0.0003,-0.7837870875994365,0.013908947817981243,-0.0014846499533396785,0.35763317346572876,0.017520254555468757
77,207360,2670,37.170738220214844,434.91,15,0.2,70,0.06622472206751505,0.7808457911014557,0.002264441,0.0003,-0.7795741756757101,0.030421052128076553,-0.0007101906310573725,0.35687455534935,0.031004050978420614
84,221184,2632,31.289207458496094,368.07,16,0.2,75,0.10682655697067579,0.7755415737628937,0.0031831402,0.0003,-0.7757039407889048,0.057525571435689926,-0.0006942541515282174,0.35633474588394165,0.010416666700621136
90,235008,2595,26.57906723022461,316.46,17,0.2,80,0.10455336943268775,0.7900405675172806,0.0024496417,0.0003,-0.7700050095717113,0.05506247654557228,-0.0014306544800260946,0.3547866940498352,0.009534143489630272
97,248832,2556,25.506641387939453,304.92,18,0.2,85,0.13770832891265553,0.8236566483974457,0.004250647,0.0003,-0.7612079958120982,0.05872061848640442,-0.000504764003970326,0.35332295298576355,0.028096064523560928
103,262656,2533,23.089488983154297,277.16,19,0.2,90,0.09950744981567065,0.8623247444629669,0.0043341857,0.0003,-0.7515053530534108,0.048132214695215225,-0.0016302564680868437,0.3510129153728485,0.030729166495924196
109,276480,2518,29.157804489135742,345.75,20,0.2,95,0.10311236629883448,0.8746019452810287,0.0032519444,0.0003,-0.737440574169159,0.04795932024717331,-0.001704390731625871,0.3487038016319275,0.03726851849157053
116,290304,2497,29.728742599487305,351.58,21,0.2,100,0.09146118586262067,0.8656952381134033,0.00222652,0.0003,-0.7251698354880015,0.03591613471508026,-0.002077922072688428,0.3469020128250122,0.03993055555038154
122,304128,2475,30.936668395996094,364.68,22,0.2,105,0.15341115792592366,0.8072653561830521,0.0033446206,0.0003,-0.7183464268843333,0.06439916789531708,-0.001642219282533645,0.34639644622802734,0.019719328595480572
128,317952,2470,34.489925384521484,402.69,23,0.2,110,0.08870907599727312,0.7976306676864624,0.0043774094,0.0003,-0.7122455358505249,0.04459236562252045,-0.0009324287711394744,0.34427595138549805,0.014684606709245903
135,331776,2452,37.343482971191406,433.38,24,0.2,115,0.03838341397543748,0.9040147364139557,0.003769974,0.0003,-0.6999141474564871,0.01528087817132473,-0.0013095484783762915,0.3424922525882721,0.03699363424675539
140,345600,2452,42.63957214355469,490.86,25,0.2,120,0.06465658769011498,0.846814826130867,0.0025472932,0.0003,-0.6934975643952688,0.03448265418410301,-0.0009145610100218896,0.342260479927063,0.021817129883371915
148,359424,2426,47.81715774536133,548.42,26,0.2,125,0.08963419497013092,0.8444910943508148,0.0027368802,0.0003,-0.6936866482098897,0.05063948035240173,-0.0007713154440689725,0.34235531091690063,0.04383680590059764
154,373248,2413,39.843570709228516,460.93,27,0.2,130,0.10301380902528763,0.8599067628383636,0.002551487,0.0003,-0.6941129902998606,0.04204794019460678,-0.0006703174230534829,0.3424209952354431,0.03161168977385387
161,387072,2402,40.02113342285156,464.59,28,0.2,135,0.12835128208001453,0.8522324562072754,0.0030684604,0.0003,-0.6908816218376159,0.04631371423602104,-0.001524507350633808,0.34101569652557373,0.012717013887595385
168,400896,2373,40.440086364746094,468.58,29,0.2,140,0.14760720233122507,0.8178486078977585,0.0044310065,0.0003,-0.6839774370193481,0.08272762596607208,-0.0014590308790637348,0.34038200974464417,0.029673032460656636
176,414720,2355,43.665985107421875,504.49,30,0.2,145,0.1252643624941508,0.7949453890323639,0.0021675553,0.0003,-0.6808560828367869,0.061832863837480545,-0.0007040238247740212,0.3397977352142334,0.023336226563939515
183,428544,2335,39.43336486816406,455.5,31,0.2,150,0.08739311794439951,0.8298329859972,0.0015750291,0.0003,-0.676315947373708,0.0551908016204834,-0.0008288276816225941,0.3388363718986511,0.023379629605915397
190,442368,2326,30.038644790649414,352.01,32,0.2,155,0.15565556064248084,0.7561371028423309,0.008627537,0.0003,-0.6736944099267324,0.07467889785766602,-0.0017298197040333807,0.3391034007072449,0.04639756932544212
197,456192,2313,31.037172317504883,362.24,33,0.2,160,0.08057750761508942,0.8830734863877296,0.002781054,0.0003,-0.6734565436840058,0.03841904550790787,0.0008119222668693915,0.3383182883262634,0.08310185126611032
204,470016,2303,31.077112197875977,362.7,34,0.2,165,0.1295665832857291,0.8412872105836868,0.0059315595,0.0003,-0.6670704583326975,0.06767085194587708,-0.0018329427248789684,0.337263286113739,0.04246238388586789
211,483840,2285,24.098791122436523,286.98,35,0.2,170,0.15225436985492707,0.8119977563619614,0.0037073067,0.0003,-0.6643856525421142,0.06601914763450623,-0.0013396616244588358,0.33769434690475464,0.032696759323395476
218,497664,2282,27.60708999633789,325.81,36,0.2,175,0.21062268813451132,0.7301920354366302,0.004143731,0.0003,-0.6649445454279582,0.11192551255226135,-0.0019424431861100138,0.33668434619903564,0.04819155208242591
267,511488,1913,32.621864318847656,382.03,37,0.2,180,0.03861673083156347,0.8822901174426079,0.004253091,0.0003,-0.6563368082046509,0.015479620546102524,-0.0015821201524145085,0.33514535427093506,0.02811053255572915
273,525312,1918,33.46870040893555,390.87,38,0.2,185,0.15975570802887282,0.7760869860649109,0.0042761234,0.0003,-0.6464853008588155,0.08723228424787521,-0.0014632951821652196,0.3334665298461914,0.03111979180830531
279,539136,1925,24.481172561645508,292.38,39,0.2,190,0.09686419988671939,0.8352770507335663,0.0069900225,0.0003,-0.636519440015157,0.04377079755067825,-0.001056743466189669,0.3318977653980255,0.06164641208209408
286,552960,1929,32.383079528808594,378.47,40,0.2,195,0.04689254773159822,0.8989524319767952,0.008037219,0.0003,-0.6309554417928059,0.017773864790797234,-0.0015835872367595983,0.33168211579322815,0.07319155066894988
293,566784,1931,39.1220703125,452.81,41,0.2,200,0.05901022553443909,0.8016546964645386,0.0050968616,0.0003,-0.6296168168385824,0.018064044415950775,-0.0024812459087452565,0.33126330375671387,0.03867187474485642
300,580608,1929,40.35157775878906,466.26,42,0.2,205,0.07494059453407924,0.8473174422979355,0.0049561686,0.0003,-0.6249954382578532,0.03965665027499199,-0.003114023468569266,0.33018940687179565,0.06488715292265018
310,594432,1914,39.41347885131836,457.51,43,0.2,210,0.1594300684829553,0.7315883636474609,0.004574299,0.0003,-0.6157700697580973,0.06724035739898682,-0.0012193156064010207,0.32805097103118896,0.04422743065127482
319,608256,1905,32.85899353027344,385.19,44,0.2,215,0.08879140764474869,0.8731590062379837,0.0042340043,0.0003,-0.6049752672513325,0.04244796186685562,-0.0012984132401739974,0.3270389437675476,0.04372106468848263
326,622080,1907,28.84564781188965,343.25,45,0.2,220,0.11928156192104021,0.8199360072612762,0.0032738636,0.0003,-0.6015637377897899,0.04995650798082352,-0.0026149012049211605,0.32676219940185547,0.041435185396888605
335,635904,1893,27.742395401000977,330.86,46,0.2,225,0.11174389521280924,0.828881561756134,0.008055997,0.0003,-0.5984271983305613,0.06876417249441147,-0.0005290030716019449,0.32585975527763367,0.06977719919135174
340,649728,1905,38.385066986083984,450.02,47,0.2,230,0.09075543656945229,0.8069183230400085,0.007202497,0.0003,-0.5936330835024516,0.04870479181408882,-0.0011653054438755639,0.3254469633102417,0.061241319465140505
345,663552,1919,39.80001449584961,464.31,48,0.2,235,0.08164063207805157,0.7741868495941162,0.0059048147,0.0003,-0.5906332393487295,0.03490012511610985,-0.0017272371012680829,0.3246368169784546,0.0664062497826914
349,677376,1937,44.168418884277344,509.96,49,0.2,240,0.08528520663579305,0.7153627276420593,0.0035733941,0.0003,-0.5856551826000214,0.02923031523823738,-0.0020987245924145655,0.32390666007995605,0.05015914358761317
353,691200,1954,33.880882263183594,394.26,50,0.2,245,0.06766394500931104,0.842160627245903,0.011064666,0.0003,-0.5805693825085958,0.022801566869020462,-0.0008410608119144551,0.322995126247406,0.056061921396758405
358,705024,1967,34.596004486083984,400.96,51,0.2,250,0.11422633081674576,0.7925978302955627,0.003878802,0.0003,-0.5780754745006561,0.046664755791425705,-0.0016172003584129185,0.32338398694992065,0.039163773069352224
363,718848,1980,32.94542694091797,381.09,52,0.2,255,0.049960629021128015,0.8618436306715012,0.008481175,0.0003,-0.5798582096894582,0.020086249336600304,-0.002122396800216479,0.32328924536705017,0.06533564824300507
367,732672,1992,34.62741470336914,399.93,53,0.2,260,0.05446578934788704,0.8840480446815491,0.004610632,0.0003,-0.5756522258122762,0.01951003447175026,-0.001614994373880189,0.32189592719078064,0.04772858796253179
372,746496,2003,38.452701568603516,442.61,54,0.2,265,0.09140950615207354,0.7223051488399506,0.004473119,0.0003,-0.5669953028361002,0.03743427246809006,-0.0011525012470007857,0.32087209820747375,0.024898726727891094
377,760320,2012,32.81413269042969,383.23,55,0.2,270,0.12053531905015309,0.8400164693593979,0.0037266763,0.0003,-0.5626813411712647,0.058280330151319504,-0.0032565594939283275,0.32029014825820923,0.042173032222005226
382,774144,2021,29.749189376831055,350.5,56,0.2,275,0.11943847164511681,0.8576914519071579,0.0028682954,0.0003,-0.55712970495224,0.07020007073879242,-0.0003714807927112651,0.31898343563079834,0.047583911983141054
388,787968,2028,26.353578567504883,311.92,57,0.2,280,0.10600313420097034,0.802809551358223,0.005331775,0.0003,-0.5492499510447184,0.05650248005986214,-0.0012931109710027347,0.31801915168762207,0.031872106360970064
393,801792,2038,29.592823028564453,345.31,58,0.2,285,0.10682585959633191,0.8633403331041336,0.005655311,0.0003,-0.543130511045456,0.06439262628555298,-0.0010641940166587352,0.31669530272483826,0.08398437412300458
397,815616,2052,26.928735733032227,315.07,59,0.2,290,0.04538463341693084,0.8637329787015915,0.0051496937,0.0003,-0.5338797132174175,0.01899160072207451,-8.887888004580625e-05,0.3154010772705078,0.0694155088228096
400,829440,2069,28.749954223632812,335.88,60,0.2,295,0.1719737619161606,0.7144444286823273,0.0030276477,0.0003,-0.5267800271511078,0.0658225417137146,-0.0015786844547215424,0.31450268626213074,0.021730323816882446
404,843264,2087,27.162090301513672,318.02,61,0.2,300,0.07546249044438204,0.8527737110853195,0.007928432,0.0003,-0.5226535777250926,0.036969322711229324,-0.0013359345012860216,0.3140975832939148,0.06990740779826107
406,857088,2106,34.741851806640625,399.36,62,0.2,305,0.037808158931632835,0.8663012832403183,0.0077929595,0.0003,-0.5192650755246481,0.014252185821533203,-0.0020493403940269697,0.31324630975723267,0.06339699107338674
410,870912,2123,45.227325439453125,513.96,63,0.2,310,0.017118551954627036,0.8603577464818954,0.0074734185,0.0003,-0.5136170248190562,0.00428549200296402,-0.0018855165753780766,0.31236058473587036,0.12625868013128638
413,884736,2137,39.664451599121094,453.02,64,0.2,315,0.07894759960472583,0.7829919010400772,0.0046909093,0.0003,-0.5086526910463969,0.033229827880859375,-0.000843286232621813,0.31185460090637207,0.03968460617761593
418,898560,2149,56.04801940917969,636.45,65,0.2,320,0.06515055870016416,0.8589653819799423,0.0044821883,0.0003,-0.5064158757527669,0.026431601494550705,-0.001230603386149461,0.3114837408065796,0.02958622713437459
422,912384,2161,49.26250457763672,563.61,66,0.2,325,0.024610742864509424,0.8940000012516975,0.0038666765,0.0003,-0.5020003100236257,0.008485144004225731,-0.0009400766855429121,0.31037214398384094,0.05438368091029891
426,926208,2171,50.514068603515625,583.22,67,0.2,330,0.05946406684815884,0.7822175323963165,0.006174375,0.0003,-0.49437614480654396,0.022507470101118088,-0.002881220597191714,0.30923938751220703,0.0725839115679264
431,940032,2177,56.39125442504883,648.31,68,0.2,335,0.017893140111118554,0.8410806059837341,0.008349233,0.0003,-0.48680278062820437,0.007628614082932472,-0.0027400448411720366,0.30798906087875366,0.09606481476997336
436,953856,2183,43.525718688964844,509.7,69,0.2,340,0.07349860382576784,0.8874476328492165,0.005804613,0.0003,-0.47667720913887024,0.03371686860918999,-0.0016589826781893357,0.3063306212425232,0.05313946753158234
442,967680,2188,28.364055633544922,339.93,70,0.2,345,0.1412179100016753,0.8282893151044846,0.0032326374,0.0003,-0.4690631528695424,0.06713712960481644,0.0007819118221286114,0.3056156635284424,0.12232349624488657
449,981504,2185,25.58974838256836,309.85,71,0.2,350,0.16762365102767945,0.8096723854541779,0.0043183235,0.0003,-0.46420892477035525,0.07517381757497787,-0.0013684713036447508,0.3045288324356079,0.035720486275386064
454,995328,2189,28.7646541595459,344.99,72,0.2,355,0.10496601512034734,0.8326756209135056,0.008200117,0.0003,-0.4554936498403549,0.05993467941880226,-0.0010139220954173383,0.3032430112361908,0.05215567165966301
487,1009152,2068,29.961572647094727,358.31,73,0.2,360,0.16418851787845293,0.7818708568811417,0.004982502,0.0003,-0.4485963116089503,0.0806422159075737,-0.002020766569249751,0.3023568391799927,0.03870081029308494
491,1022976,2079,31.192949295043945,370.41,74,0.2,365,0.06734916990001996,0.8285852074623108,0.008182995,0.0003,-0.4428888966639837,0.03214588016271591,-0.0014255368048300928,0.3015405237674713,0.053530092709115705
497,1036800,2084,35.02338790893555,415.72,75,0.2,370,0.13287562653422355,0.7614512890577316,0.0067785084,0.0003,-0.43526049653689064,0.05274232104420662,-0.002096718838651281,0.29985642433166504,0.0403067124231408
501,1050624,2094,39.76816177368164,470.47,76,0.2,375,0.04983584880828858,0.6925093531608582,0.009426807,0.0003,-0.42633438209692637,0.020302554592490196,-0.0013612603205425935,0.2993014454841614,0.08590856611457033
506,1064448,2102,39.29639434814453,463.68,77,0.2,380,0.0347759822383523,0.836511880159378,0.007783415,0.0003,-0.42483784556388854,0.013016453012824059,-0.0024481298508665836,0.2990284562110901,0.0789351848574976
510,1078272,2110,42.15286636352539,496.06,78,0.2,385,0.027214854955673218,0.8138534724712372,0.008159493,0.0003,-0.42026346425215405,0.007756923325359821,-0.002799245235143684,0.2980124056339264,0.10814525567887662
514,1092096,2120,48.49348449707031,565.95,79,0.2,390,0.02066641083608071,0.9073740690946579,0.012799482,0.0003,-0.4134508103132248,0.008725867606699467,-0.003146270268889902,0.29701799154281616,0.10791377241257578
518,1105920,2133,53.58415222167969,612.21,80,0.2,395,0.032546287899216014,0.8735327869653702,0.005111598,0.0003,-0.4079214185476303,0.014106805436313152,-0.0006976115592637884,0.29651668667793274,0.0794849525768465
521,1119744,2145,56.6522102355957,644.88,81,0.2,400,0.06548172229280075,0.5185359418392181,0.010078485,0.0003,-0.40401851534843447,0.04404368996620178,-0.0010568523353733188,0.29565611481666565,0.0669415502808988
525,1133568,2157,53.957271575927734,612.09,82,0.2,405,0.0700324876854817,0.6751382052898407,0.003374951,0.0003,-0.3985798875490824,0.01921038329601288,-0.0016009864997748183,0.2951917052268982,0.07077546324580908
530,1147392,2164,53.560569763183594,604.9,83,0.2,410,0.024869937325517337,0.8937197849154472,0.006087284,0.0003,-0.39556459585825604,0.006050392519682646,-0.0031795245388315757,0.2946367859840393,0.042057291994569826
535,1161216,2169,44.0963134765625,502.13,84,0.2,415,0.10696519687771797,0.790208101272583,0.006461318,0.0003,-0.3912250022093455,0.052620284259319305,-0.002277195753089874,0.2938423752784729,0.06776620374682049
540,1175040,2172,43.78847122192383,498.11,85,0.2,420,0.1154277689754963,0.8534009009599686,0.00779846,0.0003,-0.3867871969938278,0.05981787294149399,-0.0020149763350707063,0.2934303879737854,0.05597511558929303
545,1188864,2178,41.07179641723633,468.41,86,0.2,425,0.0706854263941447,0.8455606698989868,0.0041382364,0.0003,-0.38454968531926476,0.030915839597582817,-0.00025151503645314823,0.2930707335472107,0.06069155107446325
550,1202688,2185,36.984683990478516,425.47,87,0.2,430,0.056312735006213185,0.8583787232637405,0.0059584174,0.0003,-0.3797559370597204,0.03662848472595215,-0.001382815722091535,0.29201120138168335,0.04014756923425011
554,1216512,2192,38.91398620605469,450.16,88,0.2,435,0.07511814013123512,0.8290390223264694,0.0051245596,0.0003,-0.37158484061559044,0.024874944239854813,-0.0016221569853735647,0.29055818915367126,0.0650607640282639
558,1230336,2202,47.259857177734375,538.78,89,0.2,440,0.10124192411700884,0.8424885720014572,0.006993957,0.0003,-0.3615077177683512,0.0461106151342392,-0.002204935822353745,0.28937584161758423,0.05594618046307005
563,1244160,2208,39.30122375488281,452.52,90,0.2,445,0.057102989157040915,0.8423773348331451,0.0065166713,0.0003,-0.35473764439423877,0.025342656299471855,-0.0013873959862394259,0.28864145278930664,0.048697916728754835
567,1257984,2215,40.20523452758789,461.05,91,0.2,450,0.151379756629467,0.7526472210884094,0.00872472,0.0003,-0.3506441473960876,0.07307647168636322,-0.0015944406125965038,0.2880442142486572,0.0588975692478319
573,1271808,2217,34.57669448852539,404.77,92,0.2,455,0.12122291401028633,0.6577768325805664,0.005635904,0.0003,-0.34674562215805055,0.038957253098487854,-0.002085651469193787,0.2875685691833496,0.035271990858018396
578,1285632,2223,32.40922546386719,378.93,93,0.2,460,0.11895924607912699,0.7973951101303101,0.0069672004,0.0003,-0.3418604751427968,0.04402342066168785,-0.002098577880793462,0.28665876388549805,0.06944444401500126
584,1299456,2225,30.438037872314453,352.37,94,0.2,465,0.11241441468397777,0.813041016459465,0.0042746835,0.0003,-0.33579844037691753,0.055832501500844955,-0.0017064635872076073,0.2857666611671448,0.06827256968632961
589,1313280,2228,30.262550354003906,352.29,95,0.2,470,0.08230210083226362,0.8116161972284317,0.010232214,0.0003,-0.32994856536388395,0.04670127481222153,-0.0009425590397936668,0.2850968837738037,0.11984953736828174
594,1327104,2232,38.130165100097656,439.29,96,0.2,475,0.05471101552248001,0.8612502068281174,0.004060512,0.0003,-0.32541597286860147,0.026267725974321365,-0.0027320187984582133,0.28443339467048645,0.04581886573384206
600,1340928,2231,35.07026290893555,406.27,97,0.2,480,0.11438408195972442,0.8362953811883926,0.0060499106,0.0003,-0.3213773121436437,0.050333112478256226,-0.0013005684124504312,0.28380945324897766,0.05078124977493038
605,1354752,2236,39.393646240234375,453.27,98,0.2,485,0.11980450848738353,0.7513571977615356,0.005745815,0.0003,-0.31574520468711853,0.05795860290527344,-0.0013428838010036545,0.282852441072464,0.04123263911654552
611,1368576,2239,33.00455856323242,382.43,99,0.2,490,0.09693786948919296,0.8376311808824539,0.011203885,0.0003,-0.3079135606686274,0.0422196127474308,-0.0018972759548988583,0.2815501093864441,0.0714843749932091
616,1382400,2240,33.00455856323242,382.43,100,0.2,495,0.050828882555166884,0.8572007417678833,0.0064041694,0.0003,-0.29988047083218894,0.02465006522834301,-0.00015129754589349176,0.2807227373123169,0.11106770920256774
622,1396224,2242,50.152015686035156,568.16,101,0.2,500,0.008331276445339124,0.2788560390472412,0.0064918897,0.0003,-0.29434103270371753,0.0006891194498166442,-0.0012845506314382268,0.27980899810791016,0.07065972133229176
629,1410048,2239,58.08293533325195,656.48,102,0.2,505,0.004619833415684601,0.8160860538482666,0.0056051607,0.0003,-0.2866669108470281,-0.005042379256337881,-0.0014575925259022072,0.2787629961967468,0.05593171312163273
636,1423872,2236,56.177886962890625,632.28,103,0.2,510,0.07282543244461219,0.8832504153251648,0.003591494,0.0003,-0.2810278574625651,0.036328040063381195,-0.0014963685438151113,0.27839893102645874,0.04497974513020987
643,1437696,2234,29.633167266845703,345.32,104,0.2,515,0.11877318198482195,0.7631977051496506,0.004923935,0.0003,-0.2783921976884206,0.055899955332279205,-0.0012950634024929502,0.2776475250720978,0.05894097158452496
648,1451520,2239,32.74067687988281,374.42,105,0.2,520,0.11118360708157221,0.8407323062419891,0.0035548515,0.0003,-0.27422420382499696,0.04421943426132202,-0.0013730397339612789,0.27760031819343567,0.03305844911083113
654,1465344,2239,34.133724212646484,391.84,106,0.2,525,0.09708354969819387,0.7840510904788971,0.008275313,0.0003,-0.27480589946111045,0.041250940412282944,-0.0009933269082264588,0.27746862173080444,0.06756365740050872
661,1479168,2235,38.947513580322266,445.67,107,0.2,530,0.06085053483645121,0.8525520265102386,0.004493551,0.0003,-0.27366272509098055,0.026782851666212082,-0.0015008172018699231,0.277466356754303,0.04712094854427657
669,1492992,2231,44.80253982543945,513.23,108,0.2,535,0.059214950849612556,0.8886933773756027,0.0035584818,0.0003,-0.27304090360800426,0.023332703858613968,-0.0002539859965273302,0.2773224115371704,0.06953124912397471
714,1506816,2108,41.53834915161133,479.45,109,0.2,540,0.14360715672373772,0.7949538081884384,0.007622286,0.0003,-0.27036965688069664,0.06796616315841675,0.0006268787221482904,0.27650779485702515,0.0947337966451111
721,1520640,2107,46.313194274902344,528.36,110,0.2,545,0.06385989959041277,0.6430368721485138,0.0037895737,0.0003,-0.26268413464228313,0.03064965084195137,-0.0017197980977639582,0.27538880705833435,0.07165798638015985
727,1534464,2108,40.677982330322266,466.93,111,0.2,550,0.087409062931935,0.8184956610202789,0.00563361,0.0003,-0.25539756615956627,0.04583485424518585,-0.0015909756032568907,0.274486243724823,0.07488425891109121
732,1548288,2113,45.386474609375,523.28,112,0.2,555,0.09253909339507421,0.7226158678531647,0.005508033,0.0003,-0.248332113524278,0.038756225258111954,-0.002010709187824326,0.2732847034931183,0.04971064795196677
737,1562112,2116,48.7164306640625,557.63,113,0.2,560,0.029418165733416875,0.8268890976905823,0.0049882904,0.0003,-0.2399473160505295,0.016154276207089424,-0.0010943960472812098,0.2724302411079407,0.07673611031107914
741,1575936,2124,56.9669075012207,649.04,114,0.2,565,0.024963669975598655,0.692486435174942,0.0117259845,0.0003,-0.2344843919078509,0.010862997733056545,-0.001910963382006566,0.2716323733329773,0.08029513928340748
745,1589760,2131,58.21797180175781,663.78,115,0.2,570,0.013050153416891893,0.7350277900695801,0.0046695136,0.0003,-0.2278475433588028,0.002126841340214014,-0.0016199602961192087,0.27054792642593384,0.07906539302008847
751,1603584,2134,56.729740142822266,645.43,116,0.2,575,0.046442494913935664,0.816156879067421,0.005021878,0.0003,-0.22178551306327185,0.01118643581867218,-0.001317654739250429,0.2702825963497162,0.062659143935889
756,1617408,2137,55.712284088134766,628.14,117,0.2,580,0.05648831849296888,0.7651153206825256,0.007713094,0.0003,-0.22010620882113774,0.026385363191366196,0.00152551851491875,0.26986733078956604,0.13942418928490952
761,1631232,2143,44.760292053222656,510.86,118,0.2,585,0.024738808783392113,0.5327353477478027,0.008899551,0.0003,-0.21223139613866807,0.007413576822727919,-0.0016389825977428164,0.26804661750793457,0.07934027729885808
765,1645056,2148,48.64533233642578,552.11,119,0.2,590,0.040946637466549876,0.8394906222820282,0.0069643855,0.0003,-0.203708153963089,0.007487312890589237,-0.0024414442859038194,0.2682822048664093,0.10072337916741768
770,1658880,2153,51.52131652832031,582.69,120,0.2,595,0.028131299000233412,0.7028604447841644,0.006548073,0.0003,-0.2068250522017479,0.009132862091064453,-0.00079509748286876,0.26819777488708496,0.09897280023821318
775,1672704,2157,67.25981903076172,751.79,121,0.2,600,0.02678064020971457,0.7355903685092926,0.005678013,0.0003,-0.20527834097544354,0.0068590594455599785,-0.0027762800074587757,0.26820603013038635,0.07183159731891162
780,1686528,2161,59.247901916503906,665.03,122,0.2,605,0.07190597082177798,0.6973670721054077,0.007008355,0.0003,-0.2043140023946762,0.022388823330402374,-0.0020236426186952686,0.2675430178642273,0.06197916688785578
784,1700352,2167,64.89404296875,721.08,123,0.2,610,0.031952613530059654,0.8826021701097488,0.0042695487,0.0003,-0.19746265908082325,0.010072560980916023,-0.0014841009676544031,0.2667831778526306,0.04661458320915699
789,1714176,2171,65.62625885009766,730.83,124,0.2,615,0.018276782085498173,0.8623441308736801,0.0072755455,0.0003,-0.1945147673288981,0.007450025528669357,-0.0005031378882887517,0.26667946577072144,0.07132523134350777
794,1728000,2175,64.14423370361328,716.24,125,0.2,620,0.03503256229062875,0.7512063235044479,0.0051178653,0.0003,-0.19241246730089187,0.01216842234134674,-0.0009875379086696334,0.26593098044395447,0.09479166691501935
799,1741824,2178,65.73127746582031,732.68,126,0.2,625,0.04610908838609854,0.646089106798172,0.0119482875,0.0003,-0.1870336686571439,0.01720525696873665,-0.0013181115823735232,0.26564866304397583,0.08301504703122191
804,1755648,2182,62.41777038574219,698.81,127,0.2,630,0.0409201346958677,0.8171270787715912,0.0059433538,0.0003,-0.18704087734222413,0.01714138127863407,-0.0014138298407757452,0.26585716009140015,0.057349536685311855
810,1769472,2182,51.90790557861328,587.68,128,0.2,635,0.04934758469462395,0.8400890976190567,0.0038688027,0.0003,-0.18666743437449138,0.01700928993523121,-0.0006664905361874288,0.265411376953125,0.09169560227407297
815,1783296,2186,40.6859016418457,466.59,129,0.2,640,0.08690461019674937,0.8198308348655701,0.008127781,0.0003,-0.18362793574730554,0.037261225283145905,-0.001095007878349726,0.26499247550964355,0.06545138894192254
822,1797120,2185,35.860870361328125,414.7,130,0.2,645,0.06988125530381997,0.8469607084989548,0.0075440793,0.0003,-0.17882801443338395,0.02820753864943981,-0.0014330676663559176,0.26420527696609497,0.054687500391931584
826,1810944,2189,32.39326095581055,374.83,131,0.2,650,0.060555996373295784,0.87175452709198,0.0046280287,0.0003,-0.17378166566292444,0.028849462047219276,-0.0018824140757917273,0.2638886272907257,0.04144965286056201
832,1824768,2191,36.3113899230957,418.21,132,0.2,655,0.04319722931832075,0.8837635964155197,0.006246101,0.0003,-0.17143072932958603,0.015617448836565018,-0.0017158263540800892,0.2632253170013428,0.05904224518162664
838,1838592,2193,37.91672134399414,438.76,133,0.2,660,0.14244757344325384,0.8470079004764557,0.006500058,0.0003,-0.16697000861167907,0.07330159097909927,-0.0003624715156749817,0.26291513442993164,0.07881944419835539
843,1852416,2196,44.38103485107422,509.69,134,0.2,665,0.06301600970327854,0.7015951573848724,0.00472408,0.0003,-0.16248599737882613,0.023157529532909393,-0.0018295898685176226,0.26182863116264343,0.07767650497456392
848,1866240,2199,40.146148681640625,463.3,135,0.2,670,0.060943995416164395,0.8685318380594254,0.0041353554,0.0003,-0.1522772600253423,0.01674535870552063,-0.0022399221389302207,0.2603933811187744,0.059866898615534105
853,1880064,2203,51.128150939941406,583.91,136,0.2,675,0.059433294211824736,0.8305673599243164,0.004289473,0.0003,-0.14358729322751362,0.022936861962080002,-0.001741909712782889,0.2598192095756531,0.05510706040076911
857,1893888,2207,51.128150939941406,583.91,137,0.2,680,0.03429137586305539,0.8529512733221054,0.006855063,0.0003,-0.14406859079996745,0.01790645532310009,-0.001555225653929589,0.26029086112976074,0.051663773042188645
861,1907712,2213,55.49912643432617,625.67,138,0.2,685,0.014606642071157694,0.5932434499263763,0.00550176,0.0003,-0.14358709702889125,0.00639239139854908,-0.0021649406889789743,0.25947055220603943,0.06271701412527667
866,1921536,2216,63.077842712402344,702.95,139,0.2,690,0.009781810222193599,0.8938107788562775,0.0063868556,0.0003,-0.1378519907593727,-0.0013504906091839075,-0.0030494504159799336,0.2592991590499878,0.09508101809769869
871,1935360,2221,66.27071380615234,743.91,140,0.2,695,0.016401367572446663,0.8064635843038559,0.006331121,0.0003,-0.1396989127000173,0.0067754448391497135,-1.6578926362050456e-05,0.2597009539604187,0.09021990738498668
875,1949184,2225,66.27071380615234,743.91,141,0.2,700,0.10015018855532011,0.8357512950897217,0.00631541,0.0003,-0.14172009279330572,0.043337661772966385,-0.0020641289855120705,0.25975799560546875,0.05214120375846202
880,1963008,2229,53.079017639160156,596.15,142,0.2,705,0.01944910955304901,0.43034863471984863,0.0038302105,0.0003,-0.1386735886335373,0.006761486642062664,-0.0022969074799524,0.2586038112640381,0.04231770871459351
885,1976832,2231,53.76072692871094,603.57,143,0.2,710,0.013250116165727377,0.8899704217910767,0.00879437,0.0003,-0.13076213697592418,0.006468665786087513,-0.0021520910527114134,0.2584378123283386,0.0570312498913457
890,1990656,2234,52.551143646240234,585.99,144,0.2,715,0.026577017518381277,0.895003616809845,0.0050453683,0.0003,-0.1321584681669871,0.007920462638139725,-0.0010436837592688283,0.2584766745567322,0.04305555573858631
927,2004480,2161,43.93999481201172,498.67,145,0.2,720,0.08174451440572739,0.8743840605020523,0.0048436183,0.0003,-0.13150358200073242,0.03601449728012085,-0.0016641219121218557,0.25843924283981323,0.07054398148514641
932,2018304,2165,46.45061111450195,524.77,146,0.2,725,0.11156565248966217,0.7959683388471603,0.0055757198,0.0003,-0.13179950714111327,0.03702213987708092,-0.0020208235703682575,0.25842589139938354,0.06364293972534749
937,2032128,2168,41.40607833862305,472.48,147,0.2,730,0.06706448271870613,0.840882807970047,0.006423153,0.0003,-0.13250738978385926,0.0268593467772007,-0.002421989576584936,0.25876349210739136,0.07336516208015383
942,2045952,2171,45.21772766113281,515.28,148,0.2,735,0.04819087286790212,0.8327388167381287,0.00847903,0.0003,-0.13376810550689697,0.02109222300350666,-0.0029312808459247175,0.25852954387664795,0.07243923562249013
947,2059776,2173,50.347755432128906,566.77,149,0.2,740,0.05612218317886194,0.8133059144020081,0.005908012,0.0003,-0.13194321741660436,0.020940251648426056,-0.0015101143571545942,0.258453905582428,0.07149884225800633
953,2073600,2175,49.93244934082031,561.07,150,0.2,745,0.04004861824214458,0.8946014791727066,0.014377312,0.0003,-0.1306443343559901,0.020032214000821114,0.00157724447797389,0.2580810785293579,0.15095486125792376
959,2087424,2176,55.350067138671875,617.54,151,0.2,750,0.048777368788917856,0.9053207039833069,0.0038660855,0.0003,-0.128474061191082,0.023974120616912842,-0.0002459694936448968,0.2580815553665161,0.03700810192870752
964,2101248,2177,53.18563461303711,596.93,152,0.2,755,0.060791072249412534,0.8023833781480789,0.006223619,0.0003,-0.1262965311606725,0.0212663896381855,-0.002583333913504182,0.25712382793426514,0.04979745317444516
970,2115072,2178,46.758094787597656,528.91,153,0.2,760,0.03027052295704683,0.8671854585409164,0.007959637,0.0003,-0.11693045596281687,0.013596300035715103,-0.001224419408619589,0.256153404712677,0.07436342632960684
976,2128896,2180,51.40456008911133,578.46,154,0.2,765,0.09934478650490443,0.8173507004976273,0.008756067,0.0003,-0.11135897288719813,0.04827393218874931,0.0006206374486888914,0.25548139214515686,0.12754629650347246
981,2142720,2183,59.9374885559082,671.22,155,0.2,770,0.010784817316258946,0.7882645726203918,0.0052792467,0.0003,-0.10721193576852481,0.003490614239126444,-0.0005886741180869848,0.25507843494415283,0.11552372680841169
987,2156544,2184,63.54274368286133,703.69,156,0.2,775,0.016146304830908776,0.8880583792924881,0.00573162,0.0003,-0.10370361109574636,0.0031962008215487003,-0.00033460031384796216,0.254647821187973,0.09256365857339309
992,2170368,2185,49.828224182128906,558.01,157,0.2,780,0.059519290924072266,0.8543983399868011,0.007635077,0.0003,-0.10142631530761718,0.023954682052135468,-0.0015836854380150219,0.25451284646987915,0.07123842534298698
997,2184192,2190,52.950172424316406,593.07,158,0.2,785,0.08806370347738265,0.8751805648207664,0.013075213,0.0003,-0.09996483276287714,0.04495072737336159,-0.000396620060631984,0.25420212745666504,0.08755786997886995
1003,2198016,2190,41.01493835449219,460.29,159,0.2,790,0.0048408701317384836,0.6424575746059418,0.0068867803,0.0003,-0.09622560764352481,-0.001897849957458675,-0.0015428219562939678,0.25353410840034485,0.07931134291866329
1008,2211840,2192,40.45502471923828,454.7,160,0.2,795,0.0351185342296958,0.892218604683876,0.008446641,0.0003,-0.09142227545380592,0.01952683925628662,-0.0008553186769993911,0.2530933916568756,0.06835937412494483
1012,2225664,2197,54.82121276855469,606.94,161,0.2,800,0.04445812354485194,0.8402665704488754,0.006671188,0.0003,-0.08868202567100525,0.012843175791203976,-0.0012612846179830808,0.25275686383247375,0.12643229217113305
1016,2239488,2202,49.51869583129883,563.41,162,0.2,805,0.06773252859711647,0.7046360969543457,0.0059143393,0.0003,-0.08634649862845739,0.01588093489408493,-0.0028615101986495676,0.25256359577178955,0.07996238384706279
1020,2253312,2207,51.545936584472656,587.45,163,0.2,810,0.12194967245062192,0.82901731133461,0.0059318584,0.0003,-0.08574297328790029,0.04011237621307373,-0.0032372357034883355,0.25256824493408203,0.07080439783167095
1024,2267136,2212,52.42770004272461,596.82,164,0.2,815,0.07235963009297848,0.7907010167837143,0.01209665,0.0003,-0.08360071604450543,0.029190581291913986,-0.0014589624677211293,0.2518925070762634,0.0867042822452883
1028,2280960,2216,48.868019104003906,557.59,165,0.2,820,0.042959663271903994,0.890238918364048,0.011238453,0.0003,-0.07662191192309062,0.024060260504484177,-0.0011115545625485742,0.2510087490081787,0.0938802085001953
1032,2294784,2222,53.47209167480469,606.76,166,0.2,825,0.06433358751237392,0.8117231875658035,0.008373319,0.0003,-0.072744981944561,0.03182501345872879,-0.0016859759615423778,0.2508726119995117,0.0916956014620761
1035,2308608,2228,46.74053192138672,532.38,167,0.2,830,0.05516126329700152,0.8789254203438759,0.009235294,0.0003,-0.06999899645646414,0.0249969232827425,-9.1848488470229e-05,0.2502504587173462,0.07620080974205241
1039,2322432,2233,46.88043975830078,530.53,168,0.2,835,0.0785937950015068,0.8345725238323212,0.0050348537,0.0003,-0.06656146844228109,0.03163726627826691,-0.0017384079007940645,0.2501515746116638,0.033550347218018334
1043,2336256,2239,42.87224578857422,490.9,169,0.2,840,0.07547972723841667,0.8112912476062775,0.006846881,0.0003,-0.06283087407549222,0.030786685645580292,-0.0015977734789043149,0.24908855557441711,0.05380497671818982
1046,2350080,2245,42.55059051513672,485.13,170,0.2,845,0.05352510487039884,0.8564288020133972,0.008551703,0.0003,-0.056239683429400125,0.02022174932062626,-0.0012197106649249742,0.2488841414451599,0.0773437503996926
1049,2363904,2252,46.20082092285156,521.64,171,0.2,850,0.022849784201631942,0.8566975891590118,0.010741259,0.0003,-0.056425108263889946,0.012343588285148144,0.0003228430279166231,0.24889913201332092,0.12637442039946714
1053,2377728,2256,56.781314849853516,639.03,172,0.2,855,0.024617808436354003,0.741033136844635,0.0048193224,0.0003,-0.05357475603620211,0.007112604565918446,-0.0013073389477708788,0.24802722036838531,0.06317997688311153
1057,2391552,2262,60.98681640625,685.31,173,0.2,860,0.0598075104256471,0.8651592284440994,0.00940417,0.0003,-0.046636649717887245,0.02904965728521347,0.00012406046368461653,0.24729007482528687,0.09726562466433582
1061,2405376,2266,51.00526809692383,576.12,174,0.2,865,0.05514692987004916,0.868339404463768,0.0052048904,0.0003,-0.04021601676940918,0.022278178483247757,-0.0018988190743483662,0.24648255109786987,0.05788483793342796
1065,2419200,2270,37.10305404663086,425.9,175,0.2,870,0.106126452734073,0.8407069146633148,0.0044932943,0.0003,-0.035988871256510416,0.041359566152095795,-0.00023966367621646906,0.2463807314634323,0.09673032452119515
1069,2433024,2274,34.226112365722656,393.89,176,0.2,875,0.11628905485073725,0.8683725297451019,0.010761847,0.0003,-0.0339117685953776,0.06592441350221634,3.223105173943234e-05,0.24584811925888062,0.10160590164984266
1074,2446848,2277,40.07455825805664,454.95,177,0.2,880,0.04150676249216,0.8866578117012978,0.008469084,0.0003,-0.031133619944254558,0.018980402499437332,-0.001168491197987113,0.24580201506614685,0.06974826419609599
1078,2460672,2281,37.654930114746094,431.27,178,0.2,885,0.04411619032422701,0.8624336272478104,0.008259129,0.0003,-0.030099213123321533,0.01822974905371666,0.00014217556974337834,0.24541866779327393,0.09720775433427965
1081,2474496,2287,48.788002014160156,547.9,179,0.2,890,0.04618346939484278,0.8632136732339859,0.0056715407,0.0003,-0.028447930018107095,0.019310925155878067,-0.001977491869581212,0.24557743966579437,0.0755787035857793
1085,2488320,2292,52.855525970458984,592.35,180,0.2,895,0.02099605413774649,0.7808613479137421,0.007559202,0.0003,-0.028943971792856852,0.011508638970553875,-0.0017473977479110319,0.24528996646404266,0.06474247685206744
1115,2502144,2242,52.48332214355469,588.19,181,0.2,900,0.045033075163761774,0.8846707716584206,0.0053348653,0.0003,-0.026770599683125815,0.018519176170229912,-0.0016694092295235958,0.24533218145370483,0.06190682870025436
1118,2515968,2249,59.04432678222656,653.27,182,0.2,905,0.026266111123065154,0.9021203815937042,0.0062805233,0.0003,-0.02633934418360392,0.008114820346236229,-0.003709671681335077,0.24493816494941711,0.07505787051535057
1122,2529792,2254,62.87556076049805,691.18,183,0.2,910,0.0025919853438002368,0.8172481507062912,0.004202716,0.0003,-0.018632376194000246,-0.002410063985735178,-0.000533317281008768,0.24341079592704773,0.04981192162570854
1125,2543616,2259,63.2902717590332,698.78,184,0.2,915,0.11301403443018596,0.6565892696380615,0.008378028,0.0003,-0.00958316723505656,0.059856265783309937,-0.0007554594509269059,0.24310430884361267,0.14926215359882916
1129,2557440,2263,57.15574264526367,633.47,185,0.2,920,0.04664540278414885,0.8680521696805954,0.0045980355,0.0003,-0.008171510696411134,0.014368752017617226,-0.0024384840186771556,0.24268996715545654,0.06958912083452257
1133,2571264,2267,42.48005294799805,480.12,186,0.2,925,0.055741030474503836,0.879506342113018,0.0076430775,0.0003,-0.002603749434153239,0.027386967092752457,-0.0015119860273477596,0.24188406765460968,0.08263888855775198
1138,2585088,2271,33.205841064453125,377.33,187,0.2,930,0.09031965136528015,0.8913887366652489,0.0055065732,0.0003,0.00423284371693929,0.03522680699825287,-0.0016311080383510923,0.2409980297088623,0.04324363431078382
1142,2598912,2275,36.78129959106445,412.27,188,0.2,935,0.10844440236687661,0.8570221215486526,0.0044167037,0.0003,0.010016624132792156,0.052256785333156586,-0.0020314237527566522,0.24052280187606812,0.04648437516686196
1146,2612736,2279,31.746458053588867,361.57,189,0.2,940,0.04009627861281236,0.8941123709082603,0.006998375,0.0003,0.015383076667785645,0.016420800238847733,-0.0012734602928200426,0.2397233247756958,0.06066261556698009
1150,2626560,2282,38.16887283325195,428.22,190,0.2,945,0.08702258442838987,0.8485516756772995,0.00661823,0.0003,0.020672178268432616,0.04222961515188217,-0.001981152285885335,0.23932021856307983,0.044010416107873124
1155,2640384,2285,50.623226165771484,571.63,191,0.2,950,0.09479806497693062,0.7465321719646454,0.0071510463,0.0003,0.021958943208058676,0.04331005737185478,8.794109298496297e-05,0.2392207682132721,0.07484085622709244
1158,2654208,2290,50.32045364379883,569.46,192,0.2,955,0.08148682874937853,0.7792959362268448,0.004731772,0.0003,0.02619280815124512,0.041529592126607895,-0.0017928243633596815,0.2383403182029724,0.048712384328246115
1162,2668032,2294,56.289669036865234,635.91,193,0.2,960,0.029531018311778703,0.8694080710411072,0.011866228,0.0003,0.03136140505472819,0.012135643512010574,-0.0006837894220586449,0.23823876678943634,0.07941261598316487
1166,2681856,2299,56.393699645996094,636.61,194,0.2,965,0.03764197286218405,0.8535976856946945,0.0065291,0.0003,0.03164299329121908,0.01388760469853878,-0.0013809523468134356,0.2381574660539627,0.09447337954964799
1170,2695680,2303,57.403812408447266,646.38,195,0.2,970,0.014071600108096997,0.930006243288517,0.01597183,0.0003,0.032151993115743,0.00293493433855474,3.4997164685683185e-05,0.23805654048919678,0.1162326398305595
1175,2709504,2305,56.49922180175781,628.86,196,0.2,975,0.028915691437820593,0.8724284470081329,0.010446031,0.0003,0.032484396298726397,0.01651141792535782,-0.00047634359865806887,0.23816773295402527,0.11513310108178605
1179,2723328,2308,60.45040512084961,669.81,197,0.2,980,0.024873377941548824,0.8695323020219803,0.006078385,0.0003,0.03321944872538249,0.005701733753085136,-0.0017563062109493988,0.23759695887565613,0.05991030058454878
1183,2737152,2313,56.534603118896484,633.04,198,0.2,985,0.07243889843424162,0.8342942744493484,0.006888567,0.0003,0.03787622849146525,0.02066281996667385,-0.0006624341419578905,0.2373615801334381,0.076822916517267
1187,2750976,2317,52.801170349121094,601.33,199,0.2,990,0.05743782098094622,0.8416997939348221,0.0049788305,0.0003,0.039811789989471436,0.02140069380402565,-0.001688922929908454,0.23706331849098206,0.05451388915632075
1191,2764800,2320,52.801170349121094,601.33,200,0.2,995,0.05561829792956511,0.9033193811774254,0.008316775,0.0003,0.04257911443710327,0.02856709435582161,-0.0026085645130310533,0.23669986426830292,0.1042100694651405
1195,2778624,2324,50.764862060546875,577.79,201,0.2,1000,0.037515392216543354,0.6570955514907837,0.0073395516,0.0003,0.04618253360191981,0.010433739051222801,-0.0018436899207666003,0.23616302013397217,0.07614293930819258
1198,2792448,2329,48.84693908691406,552.81,202,0.2,1005,0.08334900736808777,0.7962823361158371,0.017118035,0.0003,0.05057299882173538,0.0342024601995945,-0.0006781333985229694,0.2357766181230545,0.10410879620661338
1202,2806272,2334,61.22612762451172,682.91,203,0.2,1010,0.031062867181996506,0.8821543753147125,0.0065192473,0.0003,0.05441300272941589,0.00997680239379406,-0.002687860831631239,0.2350323498249054,0.05716145843422661
1205,2820096,2338,48.23063659667969,538.53,204,0.2,1015,0.029568186588585378,0.8702737092971802,0.013056342,0.0003,0.06069736853241921,0.006721671670675278,-0.0027401528433579716,0.2345963716506958,0.07484085641723746
1209,2833920,2342,49.01897048950195,544.62,205,0.2,1020,0.034353693140049775,0.9083972200751305,0.006442907,0.0003,0.06313359687725703,0.012939508073031902,-0.0015409624000716955,0.23439264297485352,0.06820023166170965
1213,2847744,2347,61.90717315673828,682.38,206,0.2,1025,0.023606232615808645,0.7557201087474823,0.007489122,0.0003,0.06532798185944558,0.007632634602487087,0.0034251309272399794,0.23402102291584015,0.22272858892877898
1217,2861568,2350,67.09396362304688,739.08,207,0.2,1030,0.007866117792824904,0.8778215199708939,0.006058339,0.0003,0.06914755975206693,0.0014443739783018827,7.38938056370153e-05,0.23355108499526978,0.10933159766718745
1221,2875392,2354,79.21006774902344,871.2,208,0.2,1035,0.01396750978504618,0.8529721945524216,0.0043763136,0.0003,0.07303108647465706,0.0007547866553068161,-0.0016407129646891208,0.23304510116577148,0.08612557859160005
1225,2889216,2357,66.02337646484375,731.94,209,0.2,1040,0.012629589966187875,0.8465746939182281,0.007114818,0.0003,0.07830365498860677,0.0024983203038573265,-0.0011436761510156934,0.2324134111404419,0.09513888835596541
1230,2903040,2359,61.89876937866211,694.07,210,0.2,1045,0.05353698556621869,0.8115651905536652,0.01228412,0.0003,0.0823949786523978,0.00758051872253418,-0.0027122308948525744,0.23211076855659485,0.09412615766438345
1235,2916864,2360,41.684120178222656,479.22,211,0.2,1050,0.04701375501851241,0.8766157701611519,0.0043954705,0.0003,0.08531962980826696,0.01581486314535141,-0.0004097376631290432,0.23171257972717285,0.12514467565342785
1241,2930688,2361,44.210391998291016,501.78,212,0.2,1055,0.06385852086047332,0.9044374451041222,0.008412401,0.0003,0.08878502423564592,0.026034504175186157,-0.001320199951698194,0.23122188448905945,0.08625578718880812
1246,2944512,2361,39.6259880065918,448.26,213,0.2,1060,0.0402664369593064,0.9044835940003395,0.0056270473,0.0003,0.09352342362205188,0.014873218722641468,-0.0006427557966768897,0.23073169589042664,0.10745081036584452
1251,2958336,2363,40.66048049926758,457.82,214,0.2,1065,0.06210742021600405,0.8826353922486305,0.007367423,0.0003,0.09779526591300965,0.023739349097013474,-0.0021594914111860617,0.2303498089313507,0.08715277807010958
1263,2972160,2352,51.518409729003906,576.2,215,0.2,1070,0.038616535253822803,0.8822203204035759,0.010719684,0.0003,0.10025359317660332,0.013023218140006065,-0.0004087769277113592,0.22996044158935547,0.07766203673187798
1269,2985984,2353,46.17825698852539,520.27,216,0.2,1075,0.10024203484257062,0.8313448876142502,0.0062944056,0.0003,0.10560438384612401,0.04523564130067825,-0.0019782760852615766,0.22907495498657227,0.042983217651878174
1273,2999808,2356,51.641883850097656,575.02,217,0.2,1080,0.03731689328948657,0.8698554784059525,0.009243553,0.0003,0.11069352378447851,0.01588299311697483,-0.0026222663858115336,0.22891652584075928,0.08693576458220681
1304,3013632,2310,56.93424987792969,636.59,218,0.2,1085,0.0333939208338658,0.7600159049034119,0.010225675,0.0003,0.11260240226984024,0.013642743229866028,6.962534349036857e-05,0.22850248217582703,0.13585069347172976
1308,3027456,2314,50.776432037353516,575.01,219,0.2,1090,0.09128367428978285,0.8580797910690308,0.006726652,0.0003,0.1167265052596728,0.03901408612728119,-0.0016926249775914817,0.22814926505088806,0.06167534703272395
1312,3041280,2317,54.475982666015625,610.81,220,0.2,1095,0.04433662854135036,0.8415566682815552,0.006425929,0.0003,0.11915968308846156,0.016014661639928818,-0.0009450475894280163,0.2276889681816101,0.05719039381171266
1316,3055104,2321,57.04981994628906,643.39,221,0.2,1100,0.03123212462912003,0.8581204861402512,0.008593732,0.0003,0.1236547480026881,0.006284346804022789,0.0010393250015988962,0.22737833857536316,0.14613715324861307
1320,3068928,2324,50.469581604003906,585.6,222,0.2,1105,0.08637669160962105,0.8357412666082382,0.0077173742,0.0003,0.12668049981196722,0.04528305307030678,-0.0006825425352535266,0.2268604338169098,0.07200520807333911
1323,3082752,2329,53.27486801147461,612.69,223,0.2,1110,0.0755480833351612,0.8607592135667801,0.0044042226,0.0003,0.13075735320647558,0.025406785309314728,-0.0016410662403494017,0.22655189037322998,0.04864004586512844
1326,3096576,2334,63.9482421875,724.02,224,0.2,1115,0.005469467126143475,0.6457303464412689,0.01477211,0.0003,0.1342079515258471,0.001374585903249681,-0.0026655026374134156,0.22588467597961426,0.12392939889493088
1330,3110400,2338,60.85105895996094,690.26,225,0.2,1120,0.02313377261161804,0.8726237565279007,0.008056416,0.0003,0.14222850203514098,0.004027385264635086,-0.0007099802531161844,0.2249908447265625,0.10580150385018593
1333,3124224,2342,67.47433471679688,759.79,226,0.2,1125,0.02090389191483458,0.8393302410840988,0.0063147508,0.0003,0.14775693317254385,0.008066913112998009,-0.0022044266686121064,0.22467033565044403,0.08990162050661941
1337,3138048,2345,71.26346588134766,796.83,227,0.2,1130,0.03335862842698892,0.8774835988879204,0.009374189,0.0003,0.14908129026492437,0.018386242911219597,0.00023115656699196352,0.22459465265274048,0.10300925852109989
1341,3151872,2348,70.79608917236328,788.22,228,0.2,1135,0.04722765907645225,0.7430844306945801,0.00940103,0.0003,0.152162337799867,0.020652281120419502,0.00012768112273651896,0.2238589972257614,0.11814236092225959
1346,3165696,2351,78.59648132324219,866.84,229,0.2,1140,0.04937737497190634,0.8482244461774826,0.010635361,0.0003,0.1563150515158971,0.02126840502023697,0.00016023899014625532,0.223976731300354,0.1402199069969356
1350,3179520,2354,86.49205780029297,960.42,230,0.2,1145,0.0324456679324309,0.8056202679872513,0.012114438,0.0003,0.1555743565162023,0.011238014325499535,-0.0005991667929888737,0.22370916604995728,0.09532696682338913
1354,3193344,2357,76.14236450195312,860.97,231,0.2,1150,0.024113631062209605,0.6904436647891998,0.007580144,0.0003,0.1592495153347651,0.008338353596627712,-0.0024685748913152966,0.22310388088226318,0.08485243005173591
1358,3207168,2360,73.73126220703125,840.56,232,0.2,1155,0.05146165688832601,0.8566545397043228,0.005981657,0.0003,0.1617013136545817,0.019230684265494347,-0.0015923997046667397,0.22353403270244598,0.07870370343637963
1362,3220992,2363,69.34839630126953,798.4,233,0.2,1160,0.04299762168278297,0.8634646534919739,0.0048015774,0.0003,0.15730017970005672,0.011405992321670055,-0.0022046533959736657,0.22379067540168762,0.06396122636215296
1366,3234816,2366,62.492740631103516,724.78,234,0.2,1165,0.05263708258668582,0.8323337137699127,0.0059529077,0.0003,0.1564051161209742,0.014902093447744846,-0.0027941133822726744,0.22398436069488525,0.062282986748808375
1370,3248640,2370,53.5488395690918,615.56,235,0.2,1170,0.031561988840500516,0.9085400328040123,0.0045916545,0.0003,0.15354238897562028,0.013728104531764984,-0.0006783562535323047,0.2241525948047638,0.08253761595115065
1374,3262464,2373,51.4107551574707,586.24,236,0.2,1175,0.047902911280592285,0.8925003707408905,0.010229772,0.0003,0.15360167225201923,0.020404106006026268,-9.576616047423843e-05,0.22411349415779114,0.10639467622968368
1378,3276288,2377,56.51765441894531,639.72,237,0.2,1180,0.07249244103829065,0.872255727648735,0.009228536,0.0003,0.1548982411623001,0.036461733281612396,-0.0005546079007672233,0.223765566945076,0.08949652789160609
1382,3290112,2380,57.26191329956055,644.64,238,0.2,1185,0.040416491528352104,0.8932489678263664,0.009093349,0.0003,0.157802577316761,0.017263324931263924,-0.0006487654847054121,0.22361278533935547,0.07656250127668802
1386,3303936,2382,47.873374938964844,545.79,239,0.2,1190,0.04034843028833469,0.8376547992229462,0.010103048,0.0003,0.159952308734258,0.022496042773127556,-0.0008276305289149984,0.22323012351989746,0.12177372675893518
1391,3317760,2384,42.241058349609375,483.08,240,0.2,1195,0.09343710616230964,0.8993721678853035,0.0053645484,0.0003,0.16341235836346943,0.030220068991184235,-0.0015929689798482563,0.22285345196723938,0.07783564776182175
1394,3331584,2388,38.37689208984375,443.97,241,0.2,1200,0.07388098016381264,0.780100092291832,0.0071223327,0.0003,0.16635776658852894,0.01919189654290676,-0.002654354148547066,0.22260357439517975,0.06817129616101739
1397,3345408,2393,51.60282897949219,589.93,242,0.2,1205,0.03224765962610642,0.87269127368927,0.011422779,0.0003,0.16800296654303867,0.0239824540913105,0.0022005870937223133,0.22240956127643585,0.1770833327124516
1401,3359232,2397,55.1838264465332,622.81,243,0.2,1210,0.017002824507653714,0.770143061876297,0.007676853,0.0003,0.17183395524819692,0.0022614658810198307,-0.0012664378804065162,0.2216145247220993,0.07462384212024821
1404,3373056,2401,54.36875534057617,618.54,244,0.2,1215,0.04472299516201019,0.7705783993005753,0.004805762,0.0003,0.1784308930238088,0.010585772804915905,-0.0019013944646792068,0.22109174728393555,0.04680266187836726
1408,3386880,2404,61.649662017822266,699.69,245,0.2,1220,0.046085305387775104,0.8899229094386101,0.006885813,0.0003,0.18204256594181062,0.014401974156498909,-0.000999337073450011,0.2208748757839203,0.08997395888436585
1411,3400704,2408,49.04230499267578,559.93,246,0.2,1225,0.04776457920670509,0.8866603374481201,0.0071092076,0.0003,0.18399373988310497,0.01707032322883606,0.0020146625410604932,0.22053921222686768,0.15561342487732568
1414,3414528,2413,47.21263122558594,537.75,247,0.2,1230,0.045805059497555096,0.8998219817876816,0.0055336286,0.0003,0.18786683231592177,0.024449028074741364,-0.0021715031737080115,0.2200840413570404,0.06621817151705424
1418,3428352,2417,47.570892333984375,535.07,248,0.2,1235,0.03254774237672488,0.813031405210495,0.007326924,0.0003,0.19021888573964438,0.00667791161686182,-0.0006001186017615309,0.21998554468154907,0.09273726892230721
1422,3442176,2420,42.505279541015625,478.7,249,0.2,1240,0.06006248792012533,0.8360767960548401,0.007592812,0.0003,0.19380104094743728,0.030118249356746674,-0.0013799381003654668,0.21921026706695557,0.050144675957077806
1426,3456000,2423,45.44868469238281,508.3,250,0.2,1245,0.05392387645939986,0.8432228863239288,0.010824668,0.0003,0.2006432483593623,0.020358487963676453,-6.13206856575843e-05,0.21862414479255676,0.10478877330509324
1429,3469824,2426,39.30855178833008,444.32,251,0.2,1250,0.05672474764287472,0.8867157250642776,0.0057692546,0.0003,0.20364456623792648,0.02571258880198002,-0.0009946675974384146,0.2185850441455841,0.06255787030580298
1433,3483648,2429,40.74752426147461,460.41,252,0.2,1255,0.06917981045941511,0.8700029402971268,0.004578046,0.0003,0.20528847028811772,0.030262835323810577,-0.0002135696757856446,0.21802744269371033,0.07038483717478812
1437,3497472,2433,47.002098083496094,529.99,253,0.2,1260,0.0948617694278558,0.7887386530637741,0.0047009774,0.0003,0.20958817452192308,0.0497494675219059,-0.0023072690335943133,0.2180052399635315,0.040957754702928166
1467,3511296,2392,51.1463508605957,575.59,254,0.2,1265,0.05779307596385479,0.89647027105093,0.012115949,0.0003,0.2093679110209147,0.034096285700798035,0.00011789062947948163,0.21782231330871582,0.08223379605139296
1471,3525120,2395,53.32014083862305,600.34,255,0.2,1270,0.03365785541633765,0.822713240981102,0.00619558,0.0003,0.21171530385812123,0.014196690171957016,-0.0010074677950157114,0.2174430787563324,0.057566550894019505
1474,3538944,2399,63.341651916503906,712.11,256,0.2,1275,0.013450311807294687,0.8110881447792053,0.008136229,0.0003,0.21654841204484304,0.01351265236735344,0.0004622761286790844,0.21688500046730042,0.10235821678846453
1477,3552768,2404,70.53323364257812,792.07,257,0.2,1280,0.008599162613973022,0.8223288208246231,0.0105672255,0.0003,0.2226430207490921,-0.001121477223932743,-0.0013114230614974076,0.2160988599061966,0.11540798513936655
1481,3566592,2407,77.44043731689453,857.89,258,0.2,1285,0.0023829915017510453,0.8210262209177017,0.0073757,0.0003,0.23010587195555368,-0.004275384359061718,-0.0034063401157726327,0.21521598100662231,0.09088541715658115
1484,3580416,2411,73.7597427368164,814.74,259,0.2,1290,0.01427722357523938,0.8695589751005173,0.0063984543,0.0003,0.2384049892425537,0.008010083809494972,-0.0011633001546956419,0.21448002755641937,0.06341145797050558
1488,3594240,2413,62.387794494628906,690.48,260,0.2,1295,0.04664891598125299,0.901033841073513,0.0058926786,0.0003,0.2419889489809672,0.01593443565070629,-0.0014587087603609272,0.21444788575172424,0.071932870670571
1492,3608064,2417,43.652400970458984,494.06,261,0.2,1300,0.07824403693278631,0.7849184274673462,0.0050414926,0.0003,0.24362869411706925,0.0345039963722229,-0.00012948226262610163,0.21392303705215454,0.13848379490276178
1496,3621888,2420,40.82929992675781,466.47,262,0.2,1305,0.06344018516441187,0.8646150380373001,0.004860586,0.0003,0.2490657905737559,0.02267559804022312,-0.00264371135868983,0.21348920464515686,0.07281539294247825
1500,3635712,2423,40.843448638916016,465.87,263,0.2,1310,0.06807256440321605,0.8533275574445724,0.010815385,0.0003,0.2535472432772318,0.022930894047021866,0.00013000410276786296,0.21278348565101624,0.09185474509528528
1503,3649536,2426,41.517520904541016,472.66,264,0.2,1315,0.03747826237231493,0.867625504732132,0.011554874,0.0003,0.2600704143444697,0.025531206279993057,-0.0005104839307023213,0.21214696764945984,0.08773148115724325
1507,3663360,2429,43.98997497558594,496.25,265,0.2,1320,0.07914141987760862,0.8307076841592789,0.0053793024,0.0003,0.26523327430089316,0.044809482991695404,-6.66219638029967e-05,0.21186134219169617,0.11780960621933143
1511,3677184,2433,37.72758865356445,428.69,266,0.2,1325,0.08481376667817433,0.8016574680805206,0.0055132913,0.0003,0.2666716605424881,0.029584672302007675,-0.0021200860285615743,0.21175703406333923,0.06866319489975771
1514,3691008,2436,36.86844253540039,420.48,267,0.2,1330,0.1206010028719902,0.86982162296772,0.007069743,0.0003,0.26774560113747914,0.04172218218445778,-0.0022029493684789865,0.21150949597358704,0.05127314819158831
1517,3704832,2440,42.361759185791016,478.96,268,0.2,1335,0.056442002827922506,0.710973858833313,0.0036194746,0.0003,0.2683207134405772,0.028731781989336014,-0.0012171016855130853,0.2117665708065033,0.05389178270415869
1521,3718656,2444,45.91706085205078,516.12,269,0.2,1340,0.03865138577918212,0.8480767607688904,0.0054535554,0.0003,0.26877685089906056,0.017119377851486206,-0.0003196936116890055,0.21123255789279938,0.08887442080692078
1526,3732480,2445,56.115116119384766,626.51,270,0.2,1345,0.040695070289075375,0.8447678685188293,0.012114644,0.0003,0.2745227615038554,0.017196867614984512,-0.0009388528578677299,0.21069878339767456,0.10716145768140753
1530,3746304,2447,54.85794448852539,611.82,271,0.2,1350,0.07159249149262906,0.8374837040901184,0.005125714,0.0003,0.28031131327152253,0.02753997966647148,-0.0012650076634599828,0.21004244685173035,0.06867766277864576
1534,3760128,2450,65.23974609375,725.91,272,0.2,1355,0.024110937987764678,0.889430820941925,0.0063228696,0.0003,0.28414441645145416,0.009117457084357738,-0.0026894249532940875,0.20990607142448425,0.1089120376855135
1538,3773952,2452,62.737152099609375,700.82,273,0.2,1360,0.05090296603739262,0.8806739747524261,0.008820022,0.0003,0.28581516941388446,0.01716923527419567,-0.00038499272098609555,0.20967836678028107,0.0907841430976987
1542,3787776,2455,49.929344177246094,571.24,274,0.2,1365,0.06712878110508123,0.8737830817699432,0.012480035,0.0003,0.28768261075019835,0.03244863450527191,-0.001408179628574376,0.2094169557094574,0.09266493114021918
1545,3801600,2459,47.048728942871094,540.8,275,0.2,1370,0.1304072394967079,0.8204375505447388,0.008187479,0.0003,0.29110233883062997,0.061250556260347366,-0.002011956288956925,0.20899370312690735,0.0665798606351018
1549,3815424,2462,44.877681732177734,515.92,276,0.2,1375,0.056907587498426435,0.8355466276407242,0.01787424,0.0003,0.29497761527697247,0.03261643648147583,-0.0011087879165575891,0.20862965285778046,0.12627314865627948
1553,3829248,2465,47.582244873046875,538.91,277,0.2,1380,0.010461864775667589,0.6610404253005981,0.006071567,0.0003,0.2988304863373438,0.0019959385972470045,-0.0031156660529193894,0.2080909013748169,0.06140046290238388
1556,3843072,2468,54.309654235839844,605.64,278,0.2,1385,0.031507525717218716,0.8747793138027191,0.011832912,0.0003,0.30380807916323344,0.01593872159719467,0.0004962454768785947,0.2078023999929428,0.14628182996627098
1560,3856896,2471,59.1792106628418,649.66,279,0.2,1390,0.00419355855944256,0.9674009084701538,0.0042177616,0.0003,0.3070017367601395,-0.0020046946592628956,0.001482995397937259,0.20701991021633148,0.10538194467080757
1564,3870720,2473,63.739925384521484,694.34,280,0.2,1395,0.03947153960665067,0.899567499756813,0.006997177,0.0003,0.31606930792331694,0.00989832729101181,-0.002123514451459078,0.2063603699207306,0.06335358809058865
1568,3884544,2475,53.538516998291016,591.47,281,0.2,1400,0.06586893095324436,0.7021597027778625,0.005993014,0.0003,0.3194005052248637,0.04388396814465523,-0.00139048599470429,0.20621508359909058,0.07248263880610466
1572,3898368,2479,62.2327995300293,685.24,282,0.2,1405,0.037886544689536096,0.8903248906135559,0.005117588,0.0003,0.32051402727762857,0.013855076394975185,-0.0023378248359356905,0.20603808760643005,0.058723958306169756
1576,3912192,2481,62.2327995300293,685.24,283,0.2,1410,0.04649003632366657,0.8707239925861359,0.0037913062,0.0003,0.32287414073944093,0.01722818985581398,-0.0017591803474782915,0.205646812915802,0.0980324077575157
1580,3926016,2484,57.648414611816406,646.37,284,0.2,1415,0.03434483408927917,0.8523692637681961,0.0074214195,0.0003,0.328706490000089,0.013559356331825256,-0.0012570756613193364,0.20493873953819275,0.07051504678674973
1585,3939840,2485,57.807151794433594,648.5,285,0.2,1420,0.10221815072000026,0.7388260662555695,0.005415546,0.0003,0.3342359234889348,0.04133608564734459,-0.0006416396428432091,0.20458337664604187,0.10180844965022212
1589,3953664,2487,54.82943344116211,624.04,286,0.2,1425,0.07170670653382936,0.7983396947383881,0.010560784,0.0003,0.3372585753599803,0.03495348244905472,-0.0009094701164738354,0.2041594386100769,0.11374421333894133
1593,3967488,2489,38.97615051269531,452.43,287,0.2,1430,0.07260222906867662,0.8546271175146103,0.0063943416,0.0003,0.34349489510059356,0.029382001608610153,-0.0025407057069026426,0.2033929079771042,0.06184895797632635
1597,3981312,2492,39.193302154541016,455.51,288,0.2,1435,0.08285771285494169,0.878352165222168,0.006563861,0.0003,0.35076999962329863,0.03390570357441902,-0.0011662155905570219,0.20281101763248444,0.06354166601474086
1600,3995136,2495,44.05940246582031,501.64,289,0.2,1440,0.06807254354159037,0.892963208258152,0.009037311,0.0003,0.355628564953804,0.030872587114572525,0.0003343909981022482,0.20228564739227295,0.127459489988784
1631,4008960,2457,44.877716064453125,507.52,290,0.2,1445,0.05825555411477883,0.8605443686246872,0.003880718,0.0003,0.36160890758037567,0.029552293941378593,-0.000965539609131627,0.201646625995636,0.10230034755853315
1634,4022784,2460,42.97152328491211,484.86,291,0.2,1450,0.047315720841288565,0.8574888706207275,0.0051737814,0.0003,0.36689053376515707,0.017367754131555557,-0.0025822177732522877,0.2012401521205902,0.09939236098046725
1638,4036608,2463,47.64390563964844,532.42,292,0.2,1455,0.061792575567960736,0.7757428586483002,0.007987245,0.0003,0.3693977683782578,0.01942906528711319,-0.002894090486828376,0.20123562216758728,0.07942708386884381
1641,4050432,2467,53.534603118896484,590.07,293,0.2,1460,0.052432654052972795,0.8975408375263214,0.0083568385,0.0003,0.36727038423220315,0.02460227906703949,-0.00116885993996186,0.20149081945419312,0.0716145827434957
1645,4064256,2469,50.527462005615234,556.53,294,0.2,1465,0.031280297227203845,0.8630180805921555,0.014145636,0.0003,0.36542974412441254,0.013566817156970501,-0.00121292058557394,0.20167703926563263,0.09988425749276454
1649,4078080,2472,51.02720260620117,559.21,295,0.2,1470,0.0710495394965013,0.8984378352761269,0.00978188,0.0003,0.3642210414012273,0.03331785649061203,-0.00043338423333976194,0.20167453587055206,0.12181712981934349
1653,4091904,2475,52.30995178222656,574.63,296,0.2,1475,0.08750778635342917,0.8899855315685272,0.0034812016,0.0003,0.36587626139322915,0.04045837000012398,-0.0008141671106959292,0.20129182934761047,0.050752315123099835
1657,4105728,2477,53.59922409057617,589.49,297,0.2,1480,0.05076385494321585,0.6467642486095428,0.015682917,0.0003,0.368320299188296,0.02727995067834854,-0.00017133886959292967,0.20141664147377014,0.08223379658108267
1660,4119552,2480,56.84184265136719,620.81,298,0.2,1485,0.031401553998390834,0.8684988617897034,0.006028621,0.0003,0.3690243740876516,0.011025972664356232,-0.0006752508228398865,0.2008638232946396,0.08897569511706631
1664,4133376,2483,64.22811889648438,697.76,299,0.2,1490,0.011342957879727085,0.8547183722257614,0.0134550845,0.0003,0.3750960141420364,0.009347536601126194,0.00030677394140556183,0.20040753483772278,0.12837094942418237
1668,4147200,2485,68.19171142578125,737.8,300,0.2,1495,0.03648685601850351,0.6966852247714996,0.007587031,0.0003,0.37633992234865826,0.012605120427906513,-0.0018689682758391696,0.20051699876785278,0.10648148157827866
1671,4161024,2488,63.92872619628906,697.84,301,0.2,1500,0.05112608696023623,0.831027016043663,0.007996077,0.0003,0.37683218320210776,0.015538552775979042,-0.00171647768637976,0.20025423169136047,0.09105902823309103
1675,4174848,2491,56.25056076049805,619.28,302,0.2,1505,0.05699020487566789,0.8220324963331223,0.011327926,0.0003,0.38128936688105264,0.018118716776371002,-0.0009818097376544895,0.19962674379348755,0.10979456116134921
1679,4188672,2494,59.423587799072266,653.0,303,0.2,1510,0.014983987342566252,0.8945188373327255,0.006798943,0.0003,0.38948899308840434,0.0022580265067517757,-0.0020444084351765924,0.19868803024291992,0.07420428212499246
1682,4202496,2497,54.655704498291016,603.76,304,0.2,1515,0.022224737610667945,0.9041712656617165,0.00787862,0.0003,0.3965961823860804,0.009843140840530396,-0.000494397756375727,0.19828559458255768,0.07832754641228044
1686,4216320,2500,49.78767395019531,545.6,305,0.2,1520,0.05258904496828715,0.8433206975460052,0.00496977,0.0003,0.3992763787508011,0.019602160900831223,-0.0012477842442489469,0.19805434346199036,0.0899305558608224
1689,4230144,2503,37.60429763793945,418.31,306,0.2,1525,0.0772469607492288,0.9043270647525787,0.007818825,0.0003,0.40301927328109743,0.03606678545475006,-0.0003125145009107655,0.19761402904987335,0.06046006995408485
1693,4243968,2506,41.45881652832031,454.19,307,0.2,1530,0.04308163293947776,0.9002627283334732,0.0055518243,0.0003,0.40574619074662527,0.017821993678808212,-0.002600580728243653,0.1974414587020874,0.07400173604934632
1697,4257792,2508,46.37846374511719,507.62,308,0.2,1535,0.013543834754576286,0.7754058539867401,0.009495596,0.0003,0.40958304206530255,0.003777679055929184,-0.0021035014188479787,0.19689400494098663,0.09298321750635902
1701,4271616,2510,47.3476448059082,527.31,309,0.2,1540,0.09690736085176468,0.6761997640132904,0.004627947,0.0003,0.4124744196732839,0.038273099809885025,-0.0027659381696543694,0.19689416885375977,0.06040219912926356
1705,4285440,2513,54.44536209106445,602.48,310,0.2,1545,0.11863720317681631,0.7724330574274063,0.007919601,0.0003,0.41251547435919445,0.05066400766372681,-0.003448960845357592,0.19688811898231506,0.07798032450179258
1709,4299264,2515,46.51405334472656,525.08,311,0.2,1550,0.04046095808347066,0.8475688248872757,0.0064259483,0.0003,0.4121158967415492,0.007708065677434206,-0.0030714552871763277,0.196880042552948,0.09578993034859498
1713,4313088,2517,47.68026351928711,537.95,312,0.2,1555,0.045937698893249036,0.79034224152565,0.0035403247,0.0003,0.41198856234550474,0.018370147794485092,-0.0016098312837399412,0.19704018533229828,0.07984664337709546
1717,4326912,2519,54.177452087402344,603.72,313,0.2,1560,0.024934753278891244,0.8057984560728073,0.010655572,0.0003,0.41153594652811687,0.009115271270275116,-0.001818790945388308,0.19676823914051056,0.09185474570840597
1720,4340736,2522,56.38694381713867,624.0,314,0.2,1565,0.08764910375078519,0.8375860303640366,0.01487984,0.0003,0.41517819265524547,0.042010724544525146,0.0024231923766179814,0.19645050168037415,0.20959201455116272
1724,4354560,2525,62.171512603759766,686.4,315,0.2,1570,0.02826437707990408,0.8782341927289963,0.009367371,0.0003,0.41878309547901155,0.011026045307517052,0.0002002058217099349,0.19606336951255798,0.13498263775060573
1727,4368384,2528,58.779685974121094,649.45,316,0.2,1575,0.04193456182256341,0.6964770257472992,0.010412071,0.0003,0.42186498641967773,0.01854901760816574,0.0005780669257984706,0.19588376581668854,0.1668692132884947
1731,4382208,2530,47.884220123291016,532.45,317,0.2,1580,0.05356959352890651,0.9048874825239182,0.016149292,0.0003,0.42315417925516763,0.024956712499260902,0.002256925094513503,0.195811927318573,0.19565972397103906
1735,4396032,2533,38.54530334472656,432.21,318,0.2,1585,0.07200450263917446,0.8749945163726807,0.014873721,0.0003,0.4242213855187098,0.030779389664530754,0.00033552422259903737,0.19559326767921448,0.14900173580584428
1738,4409856,2536,48.82906723022461,540.2,319,0.2,1590,0.09245067064960798,0.800310805439949,0.0084734615,0.0003,0.42695903182029726,0.038904815912246704,-0.003843377633186007,0.19533613324165344,0.0808304403287669
1742,4423680,2538,40.410160064697266,453.54,320,0.2,1595,0.07655054132143656,0.851855605840683,0.007994524,0.0003,0.42920671999454496,0.02928723581135273,-0.0010574146641442036,0.19513987004756927,0.09088541626309356
1746,4437504,2540,45.12533187866211,500.97,321,0.2,1600,0.07782622824112574,0.8583863079547882,0.0055853385,0.0003,0.43308562437693277,0.03654647246003151,0.00169086089364201,0.19442477822303772,0.15473090152566632
1750,4451328,2542,46.07563018798828,516.96,322,0.2,1605,0.08793377180894216,0.8307882398366928,0.0045504966,0.0003,0.4382763514916102,0.0271031204611063,-0.00023696715994716474,0.19451645016670227,0.10024594912926356
1754,4465152,2545,41.83203125,473.02,323,0.2,1610,0.10186460912227631,0.8511666059494019,0.009793522,0.0003,0.43938110768795013,0.04375029355287552,-0.0014588674854301782,0.19386303424835205,0.08696469938149676
1757,4478976,2547,45.84636688232422,516.26,324,0.2,1615,0.02791892228027185,0.9122785553336143,0.007191124,0.0003,0.44393088420232135,0.004800591617822647,-0.0006567601508760605,0.1939290165901184,0.12627314928298194
1761,4492800,2550,50.82292175292969,566.82,325,0.2,1620,0.04763245147963365,0.8137186616659164,0.009965686,0.0003,0.44392784337202706,0.01941874250769615,-0.0009716976418093104,0.19359935820102692,0.08817997762234882
1791,4506624,2514,61.339111328125,675.37,326,0.2,1625,0.01614191314826409,0.8759704381227493,0.012153416,0.0003,0.44499003887176514,0.006642686668783426,0.0005394278935488828,0.19399040937423706,0.15587384064759438
1795,4520448,2517,56.992679595947266,627.5,327,0.2,1630,0.036144009046256545,0.8828746974468231,0.007703258,0.0003,0.44297297596931456,0.015887565910816193,0.0011279195752851745,0.19368579983711243,0.14237557811041673
1799,4534272,2519,59.79084396362305,661.25,328,0.2,1635,0.07114462281266848,0.8534060120582581,0.010810886,0.0003,0.446208859483401,0.03359520807862282,-0.0017164817482908878,0.1935897320508957,0.1075665514159482
1803,4548096,2521,57.586788177490234,639.28,329,0.2,1640,0.040053644217550755,0.8095694929361343,0.007104231,0.0003,0.4479200671116511,0.01500745490193367,-0.0014935402655855458,0.1932644546031952,0.09035011531571703
1807,4561920,2523,51.844303131103516,586.4,330,0.2,1645,0.09358273024360339,0.848996490240097,0.008821654,0.0003,0.45130256513754524,0.047053996473550797,-0.002253566312181108,0.19295278191566467,0.08708043935281845
1811,4575744,2525,47.953529357910156,543.28,331,0.2,1650,0.055952116226156555,0.9028221964836121,0.005924104,0.0003,0.4545155604680379,0.020831765606999397,-0.001601607469597699,0.19271548092365265,0.08049768496809216
1815,4589568,2527,44.534568786621094,507.7,332,0.2,1655,0.12463039035598437,0.8121509701013565,0.0062231827,0.0003,0.4549557328224182,0.05501033365726471,-0.0017292867899717141,0.19283047318458557,0.07841435247100889
1819,4603392,2530,38.694679260253906,442.13,333,0.2,1660,0.03930389334758123,0.8846738710999489,0.0143930055,0.0003,0.4554087827603022,0.017972253262996674,-0.0015616507306899822,0.19261550903320312,0.10752314835165938
1822,4617216,2532,40.706111907958984,459.27,334,0.2,1665,0.08866177201271057,0.8700079917907715,0.010594785,0.0003,0.45523386100927987,0.04845600575208664,0.0006975674209738991,0.1928703486919403,0.12853009283426217
1827,4631040,2534,46.91179275512695,526.18,335,0.2,1670,0.04625032444794973,0.9010021612048149,0.007626071,0.0003,0.4549232592185338,0.021023903042078018,-0.001985395464537391,0.1926126778125763,0.09240451358103503
1830,4644864,2536,45.6982307434082,512.65,336,0.2,1675,0.13564982016881308,0.7598348706960678,0.0058826557,0.0003,0.45894084374109906,0.06247195601463318,-0.0010928218581722326,0.19210612773895264,0.0828125004346172
1834,4658688,2539,52.8195686340332,587.03,337,0.2,1680,0.044004351894060774,0.8115619868040085,0.011359853,0.0003,0.46458003520965574,0.018109971657395363,-0.0004762066409629876,0.19148550927639008,0.1445891201806565
1838,4672512,2541,53.70097732543945,600.83,338,0.2,1685,0.035565738069514435,0.8607872724533081,0.009502211,0.0003,0.46969411174456277,0.013931630179286003,0.0012114730997752805,0.19120657444000244,0.14852430503815411
1842,4686336,2543,55.38279342651367,620.39,339,0.2,1690,0.05679785336057345,0.8297283351421356,0.006560517,0.0003,0.4727145751317342,0.021492674946784973,-0.0025135870640278207,0.19099700450897217,0.08346354141831398
1846,4700160,2545,62.410118103027344,692.94,340,0.2,1695,0.026929803689320884,0.9337848722934723,0.0102229705,0.0003,0.4758779068787893,0.017959635704755783,-0.0007313941752255933,0.1904246211051941,0.07423321798754236
1850,4713984,2547,60.441650390625,674.88,341,0.2,1700,0.04267320148646832,0.8368033915758133,0.0067204204,0.0003,0.48039541244506834,0.016422145068645477,-0.0016620488539316562,0.19031542539596558,0.11964699021482375
1854,4727808,2550,56.23332977294922,636.13,342,0.2,1705,0.037883756682276726,0.8213295936584473,0.011813088,0.0003,0.48161881069342294,0.012012504041194916,5.636029404909593e-05,0.19002079963684082,0.1238425916681687
1857,4741632,2552,68.239990234375,757.21,343,0.2,1710,0.03935061190277338,0.8633114397525787,0.007163623,0.0003,0.4850824822982152,0.007673356682062149,-0.0020318090939798416,0.18973791599273682,0.09516782319794098
1861,4755456,2554,69.61387634277344,772.06,344,0.2,1715,0.04209809030095736,0.8405093848705292,0.009517981,0.0003,0.4880301684141159,0.020902546122670174,-0.0011355697714423981,0.1894797682762146,0.09107349539796511
1865,4769280,2556,61.274288177490234,682.4,345,0.2,1720,0.03369713897506396,0.8857399672269821,0.0076300395,0.0003,0.48998546600341797,0.008886240422725677,-0.00014470930024496436,0.1893719881772995,0.0961660887231119
1869,4783104,2558,58.446468353271484,645.22,346,0.2,1725,0.07532925854126613,0.8511715829372406,0.0054550623,0.0003,0.4901122848192851,0.026951266452670097,-0.0015984791385428114,0.18940186500549316,0.08502604221187843
1873,4796928,2560,49.52033233642578,552.2,347,0.2,1730,0.02307639621819059,0.8748511224985123,0.0105779795,0.0003,0.4901565134525299,0.008458394557237625,-0.000983718442162003,0.18946298956871033,0.10403645770081009
1877,4810752,2561,49.52033233642578,552.2,348,0.2,1735,0.10131804992755254,0.8824755847454071,0.0053488775,0.0003,0.49058189590771994,0.039818815886974335,-0.0024349083655074008,0.1892193853855133,0.07899305543396622
1881,4824576,2564,53.955970764160156,600.9,349,0.2,1740,0.036068117308119936,0.8093980401754379,0.008458632,0.0003,0.4939388702313105,0.009744033217430115,-0.0011754299928455818,0.18888142704963684,0.09496527671969185
1885,4838400,2566,42.775997161865234,479.28,350,0.2,1745,0.05238383940110604,0.8330478221178055,0.016867047,0.0003,0.49535897374153137,0.018079744651913643,0.00036482999480708886,0.18896783888339996,0.15863715182058513
1888,4852224,2568,42.953880310058594,482.58,351,0.2,1750,0.11002014502882958,0.8227114528417587,0.005098251,0.0003,0.4947994182507197,0.036247618496418,0.00023388356354122063,0.18895843625068665,0.1054398147893759
1892,4866048,2571,41.68903350830078,471.78,352,0.2,1755,0.05226991338034471,0.8949394151568413,0.009324688,0.0003,0.49729356269041697,0.02624869905412197,0.0008916786754357216,0.18857945501804352,0.13081597336567938
1895,4879872,2574,47.165870666503906,523.86,353,0.2,1760,0.011489458257953326,0.8767264783382416,0.005181554,0.0003,0.5003468791643778,-0.0031690013129264116,-0.0028389300704239505,0.1883825659751892,0.0894965272086362
1899,4893696,2576,51.61043930053711,570.59,354,0.2,1765,0.04662419855594635,0.8892503157258034,0.007851824,0.0003,0.5042892773946126,0.02100089192390442,0.0007493152500669767,0.1875489354133606,0.13499710646768412
1902,4907520,2579,61.186641693115234,670.49,355,0.2,1770,0.020810864896823964,0.6341976523399353,0.009252435,0.0003,0.5138055682182312,0.006924849934875965,-0.002061835183175627,0.18694491684436798,0.10394965279168294
1906,4921344,2581,64.59686279296875,703.06,356,0.2,1775,0.06746444987754027,0.5615209937095642,0.004332769,0.0003,0.5181042154630026,0.03168865665793419,-0.0011180704671898134,0.18669584393501282,0.09416956081307339
1909,4935168,2584,48.730140686035156,536.86,357,0.2,1780,0.04470373963316281,0.8130364865064621,0.0064560506,0.0003,0.5199000000953674,0.011040727607905865,-0.0016726482326770615,0.1865861564874649,0.09877025422562534
1913,4948992,2586,51.4168586730957,564.04,358,0.2,1785,0.07458092706898849,0.8205505013465881,0.010357185,0.0003,0.5206214090188345,0.018460074439644814,-0.003706447762023246,0.18650077283382416,0.13019386467834312
1916,4962816,2589,52.85824203491211,575.52,359,0.2,1790,0.01959423751880725,0.8871496170759201,0.0052980855,0.0003,0.5224333643913269,0.0024932208471000195,0.00016555652018050056,0.18634763360023499,0.12031250096624717
1919,4976640,2592,54.21721649169922,590.38,360,0.2,1795,0.025982555560767652,0.9047479629516602,0.01782246,0.0003,0.5239240467548371,0.017549846321344376,0.00098042565320308,0.18603195250034332,0.13577835604858896
1923,4990464,2594,60.42888259887695,655.25,361,0.2,1800,0.04562412972251574,0.8575062900781631,0.0063655525,0.0003,0.5281354546546936,0.010553432628512383,0.0006980453299884504,0.1857491135597229,0.12225115728603365
1953,5004288,2561,73.7337417602539,796.35,362,0.2,1805,0.0070352585831036174,0.8128896802663803,0.008375527,0.0003,0.5341184238592783,0.005700023844838142,-0.0027043229603064193,0.18470171093940735,0.09120370442979038
1957,5018112,2563,69.29176330566406,754.04,363,0.2,1810,0.04139696806669235,0.595062255859375,0.0084763,0.0003,0.5412201285362244,0.017952648922801018,-0.0017093672182387258,0.1847938895225525,0.060662615299224856
1961,5031936,2565,68.6657485961914,749.96,364,0.2,1815,0.051497017964720726,0.8731948435306549,0.008265633,0.0003,0.5398461063702901,0.020733747631311417,0.0012366788811858783,0.18481048941612244,0.1402199086888383
1964,5045760,2568,65.71954345703125,718.66,365,0.2,1820,0.04433012449493011,0.8636343479156494,0.010686886,0.0003,0.5407982130845388,0.017612364143133163,-0.0006899812935713475,0.18455463647842407,0.09901620385547479
1968,5059584,2570,65.0577621459961,701.27,366,0.2,1825,0.00448291685897857,0.7248148322105408,0.0032569207,0.0003,0.5447060883045196,0.000867423543240875,0.005742388243056181,0.18403206765651703,0.17556423670612276
1971,5073408,2572,59.5692253112793,644.37,367,0.2,1830,0.01518583099047343,0.9083587601780891,0.0069279615,0.0003,0.5517275194327037,0.006255637388676405,-0.0017536645416839746,0.1834680289030075,0.06359953676583245
1975,5087232,2575,63.85512161254883,685.07,368,0.2,1835,0.055871236324310306,0.8837364614009857,0.011008513,0.0003,0.5563816030820211,0.02035079151391983,0.0007689315489659343,0.18309465050697327,0.13671875072953601
1978,5101056,2577,73.14778137207031,778.67,369,0.2,1840,0.007396712076539794,0.7224368155002594,0.0062687187,0.0003,0.5603074391682943,0.0030562730971723795,-0.0007483177856624224,0.18262094259262085,0.1115596070419997
1983,5114880,2578,63.767799377441406,687.77,370,0.2,1845,0.02149614238490661,0.9028755202889442,0.009831482,0.0003,0.5644746005535126,0.0036224639043211937,0.0005929315320962006,0.18258175253868103,0.11268807760983085
1987,5128704,2580,67.85875701904297,733.71,371,0.2,1850,0.10702046975493432,0.7544896900653839,0.006004659,0.0003,0.5637732366720836,0.06311465054750443,-0.0012620348890777678,0.18253320455551147,0.10306712838743502
1990,5142528,2583,66.47044372558594,726.97,372,0.2,1855,0.02729744017124176,0.7799645960330963,0.008334709,0.0003,0.5665666083494822,0.013890129514038563,0.0010613365240445796,0.18211811780929565,0.12902199135472378
1994,5156352,2585,66.54959106445312,731.15,373,0.2,1860,0.011878436089803775,0.8009039014577866,0.012837809,0.0003,0.572665560245514,0.0033107600174844265,-0.0008158413112310174,0.18146823346614838,0.09787326474518826
1998,5170176,2587,60.24297332763672,668.6,374,0.2,1865,0.024799357851346335,0.9003443196415901,0.0053002057,0.0003,0.5757850964864095,0.0015924777835607529,0.0012975020296936313,0.18175387382507324,0.1520109948158885
2001,5184000,2589,64.6695327758789,715.84,375,0.2,1870,0.0389104616517822,0.8097935914993286,0.01361522,0.0003,0.5730731864770253,0.019562283530831337,-0.001275216762129545,0.1816166788339615,0.14098668905595937
2005,5197824,2591,67.1744155883789,746.23,376,0.2,1875,0.013828186007837454,0.8324723243713379,0.010622078,0.0003,0.5776497066020966,0.008335774764418602,-0.00038949586747481687,0.18103957176208496,0.09272280144505203
2009,5211648,2593,62.458160400390625,689.95,377,0.2,1880,0.029908383513490358,0.8730575144290924,0.008427505,0.0003,0.5818921287854513,0.0068706911988556385,0.0017285936548702215,0.18084625899791718,0.15704571769262354
2013,5225472,2595,61.391971588134766,675.4,378,0.2,1885,0.01844972629720966,0.8665469884872437,0.0064115147,0.0003,0.5855875670909881,0.006443407852202654,-0.00024371705528916838,0.18031549453735352,0.11714409670482079
2017,5239296,2596,56.105743408203125,630.32,379,0.2,1890,0.06501085348427296,0.8573518544435501,0.013431297,0.0003,0.592389577627182,0.029419023543596268,-0.0012200710421893745,0.17974945902824402,0.10166377257555723
2022,5253120,2597,49.1598014831543,552.45,380,0.2,1895,0.09816870639721552,0.7605658173561096,0.0096873855,0.0003,0.5994852562745412,0.0427381657063961,-0.0016841334853476533,0.17902785539627075,0.0860821772677203
2026,5266944,2599,48.122352600097656,547.21,381,0.2,1900,0.05802193029473225,0.7579503953456879,0.010122635,0.0003,0.6052368998527526,0.015239872969686985,-0.0026252398872370778,0.17882829904556274,0.0782407411839813
2030,5280768,2600,53.60832214355469,607.11,382,0.2,1905,0.07754669189453126,0.8649634718894958,0.008121736,0.0003,0.606691159804662,0.029587866738438606,-0.0003198013136473795,0.17861495912075043,0.13557581088195245
2034,5294592,2602,58.86783218383789,660.28,383,0.2,1910,0.06273422874510289,0.7724581658840179,0.011117902,0.0003,0.6088082909584045,0.02670951932668686,-0.002172566551733457,0.1785452514886856,0.08535879695167144
2037,5308416,2605,55.90288162231445,623.67,384,0.2,1915,0.03904606718569994,0.8773011267185211,0.021605024,0.0003,0.6106023490428925,0.016652360558509827,0.00038288109078874106,0.17826075851917267,0.1546006947067023
2041,5322240,2606,61.241416931152344,683.28,385,0.2,1920,0.038911318654815355,0.8354067355394363,0.0074562444,0.0003,0.6148201902707418,0.017784632742404938,0.0016135176716488785,0.1778428554534912,0.15724826334044337
2045,5336064,2609,58.084449768066406,644.5,386,0.2,1925,0.0319736256574591,0.926830105483532,0.015070763,0.0003,0.6201794564723968,0.013792194426059723,0.0031217184836148364,0.17735067009925842,0.21180555575604862
2048,5349888,2611,56.379783630371094,622.85,387,0.2,1930,0.06361772852639357,0.8777555823326111,0.006432347,0.0003,0.6244669457276663,0.034507013857364655,0.0027723439003845365,0.17712736129760742,0.22518807564241192
2052,5363712,2613,62.655052185058594,690.46,388,0.2,1935,0.050469133009513216,0.8722052127122879,0.012480709,0.0003,0.6287476162115733,0.01627141237258911,-0.0015786167102642477,0.17644146084785461,0.09490740681067109
2055,5377536,2615,63.47053527832031,698.09,389,0.2,1940,0.020513058671106896,0.802880585193634,0.005446827,0.0003,0.6364086389541626,0.00047809816896915436,-0.002158917196168275,0.17581386864185333,0.07876157372569044
2059,5391360,2617,63.577396392822266,698.82,390,0.2,1945,0.019703859432289996,0.9173572435975075,0.006906307,0.0003,0.6423545797665914,0.011254713870584965,2.6612579650072318e-05,0.1755167841911316,0.12233796323901819
2063,5405184,2619,60.64353942871094,666.95,391,0.2,1950,0.07519836487869422,0.6910658180713654,0.008166916,0.0003,0.6452929079532623,0.016966696828603745,-0.002001892299934601,0.17521308362483978,0.09254919060816368
2067,5419008,2620,48.24360656738281,537.99,392,0.2,1955,0.06662218694885572,0.8036827594041824,0.008076154,0.0003,0.6467782398064931,0.02410450577735901,-0.0004307205008377372,0.1752968728542328,0.07575231531324486
2071,5432832,2622,39.9347038269043,450.81,393,0.2,1960,0.10300691177447636,0.7719113081693649,0.006986646,0.0003,0.6458599150180817,0.04193449020385742,-0.0020821457453335116,0.17538362741470337,0.05444155127430956
2075,5446656,2624,45.30908203125,512.41,394,0.2,1965,0.07882983796298504,0.8430942296981812,0.0044771773,0.0003,0.646198179324468,0.032968614250421524,-0.0023082704164187006,0.1750345081090927,0.05836226865649223
2079,5460480,2626,50.10588073730469,569.53,395,0.2,1970,0.02729448148359855,0.9141939431428909,0.010907789,0.0003,0.6517444332440694,0.009122699499130249,0.0002566351404379089,0.17464768886566162,0.10970775519187252
2082,5474304,2629,46.6834716796875,531.8,396,0.2,1975,0.09143697346250217,0.7990980297327042,0.007359924,0.0003,0.6528513034184774,0.036634285002946854,-0.00032835471087041174,0.17481327056884766,0.11210937481373548
2086,5488128,2630,52.46641159057617,591.66,397,0.2,1980,0.026455030062546334,0.6356801688671112,0.006031524,0.0003,0.6503424346446991,0.01781560853123665,-0.001447080912314247,0.17496627569198608,0.05635127264637655
2117,5501952,2598,41.16117858886719,472.06,398,0.2,1985,0.09543770005305609,0.8837460577487946,0.0071423096,0.0003,0.6511014024416606,0.036787740886211395,-0.0006516640154182444,0.17483577132225037,0.0901620363816619
2121,5515776,2600,44.61690902709961,505.1,399,0.2,1990,0.0783350898573796,0.8500569611787796,0.0057174545,0.0003,0.6496829370657603,0.03725375980138779,-0.002119907924767439,0.17512169480323792,0.058926504524424675
2125,5529600,2601,43.15892028808594,489.42,400,0.2,1995,0.05613606510063012,0.899843193590641,0.006927296,0.0003,0.6488676309585572,0.01567002572119236,-0.0007900793594739368,0.17481526732444763,0.09192708358168603
2129,5543424,2603,51.42253112792969,576.0,401,0.2,2000,0.03385846056044102,0.8853375539183617,0.004409267,0.0003,0.6558909356594086,0.01231461577117443,-0.0020807325048668593,0.17402994632720947,0.07853009264799767
2132,5557248,2605,49.6524543762207,548.55,402,0.2,2005,0.05898466135064761,0.8579785972833633,0.015057354,0.0003,0.6610661784807841,0.019534099847078323,-0.0012349608449127396,0.17398351430892944,0.1431857640631885
2136,5571072,2607,50.032108306884766,552.44,403,0.2,2010,0.0373472336679697,0.9239888563752174,0.009960565,0.0003,0.6620884895324707,0.01743016205728054,-0.001969139177931038,0.1737479418516159,0.11328125
2139,5584896,2609,53.218387603759766,591.12,404,0.2,2015,0.046661204348007836,0.8709135353565216,0.0061260667,0.0003,0.6626226127147674,0.01568816415965557,-0.002596351060869721,0.17379732429981232,0.08476562482925752
2143,5598720,2612,46.70304870605469,525.8,405,0.2,2020,0.06407462159792582,0.8774691894650459,0.00503548,0.0003,0.6637037177880605,0.02653121016919613,-0.0005482247081494659,0.17358820140361786,0.11597222326478611
2146,5612544,2615,48.167816162109375,538.61,406,0.2,2025,0.04705539929370085,0.895757332444191,0.006119039,0.0003,0.6663057267665863,0.01569390296936035,-0.0014693786286645416,0.17340753972530365,0.07915219836868345
2149,5626368,2617,62.37459945678711,682.42,407,0.2,2030,0.001521949083932365,0.8157341480255127,0.016159875,0.0003,0.6696620424588521,0.013869531452655792,0.0025509269733447583,0.1729314774274826,0.15059317008902628
2153,5640192,2618,62.76025390625,686.2,408,0.2,2035,0.060388512040177984,0.8871364519000053,0.010042072,0.0003,0.6749515771865845,0.026559768244624138,-0.0015815143176748981,0.17260274291038513,0.08145254536163217
2157,5654016,2620,62.04325866699219,678.07,409,0.2,2040,0.038822455580035845,0.8781938403844833,0.010652047,0.0003,0.6787678798039755,0.017543023452162743,0.0007272005171722033,0.17213669419288635,0.15218460597097874
2161,5667840,2622,54.216129302978516,598.22,410,0.2,2045,0.026108375005424022,0.9294837862253189,0.013915478,0.0003,0.6845926403999328,0.009404439479112625,0.00022185077296955254,0.17175564169883728,0.08896122695878148
2165,5681664,2623,46.73659133911133,521.81,411,0.2,2050,0.07317337915301322,0.8930399566888809,0.00997099,0.0003,0.6880222996075948,0.041583746671676636,0.001525096356406852,0.17143189907073975,0.17508680541068317
2169,5695488,2624,48.58550262451172,546.26,412,0.2,2055,0.05855425037443638,0.8984965234994888,0.01608011,0.0003,0.6919398824373881,0.03936197608709335,0.002135317874059117,0.17110800743103027,0.1542245363816619
2173,5709312,2626,48.58550262451172,546.26,413,0.2,2060,0.10115431547164917,0.8419113606214523,0.007049184,0.0003,0.6961188793182373,0.04624975472688675,-0.003106411409411251,0.1707305610179901,0.09111689757555723
2176,5723136,2628,56.96892547607422,643.86,414,0.2,2065,0.039358575455844404,0.8659684360027313,0.0046496084,0.0003,0.6993176480134328,0.016440074890851974,-0.0005948299842809016,0.1705978512763977,0.09497974483917157
2181,5736960,2630,54.680965423583984,626.74,415,0.2,2070,0.03753563668578863,0.9051829725503922,0.011563253,0.0003,0.7007631440957387,0.009541034698486328,-0.00025301156026587003,0.17040285468101501,0.12400173520048459
2185,5750784,2631,52.443885803222656,601.18,416,0.2,2075,0.13487046559651691,0.8148271143436432,0.005505407,0.0003,0.7045906623204549,0.055689454078674316,-0.0007808634562698647,0.16985583305358887,0.07782117991397779
2188,5764608,2633,54.74940872192383,620.74,417,0.2,2080,0.05136614367365837,0.8464471250772476,0.012201165,0.0003,0.7097773134708405,0.022358613088726997,-0.0013815534809880237,0.16971749067306519,0.1013310192230468
2192,5778432,2635,49.88394546508789,564.26,418,0.2,2085,0.017061568144708873,0.8754296824336052,0.026597736,0.0003,0.7095823804537456,0.01868857815861702,0.004059863983463785,0.1697567105293274,0.2226996542730679
2196,5792256,2637,50.92717742919922,569.09,419,0.2,2090,0.02486561325689157,0.9266047924757004,0.0103005115,0.0003,0.7094651460647583,0.009568382054567337,0.0019113441825740892,0.16976989805698395,0.17037037149226913
2200,5806080,2638,49.28608703613281,549.09,420,0.2,2095,0.06347391555706659,0.9013360813260078,0.005113533,0.0003,0.7092522382736206,0.029808036983013153,-0.0013999683761441043,0.16977670788764954,0.08959780105700095
2203,5819904,2641,46.330223083496094,514.34,421,0.2,2100,0.06190650003651778,0.9007176905870438,0.007326675,0.0003,0.70992711186409,0.024001065641641617,0.0007132327875027637,0.16957882046699524,0.1021990738120318
2207,5833728,2642,50.99740219116211,561.31,422,0.2,2105,0.05448621759812037,0.7870670706033707,0.007166501,0.0003,0.7137711485226949,0.021817047148942947,-0.00309036494075338,0.1692497730255127,0.08110532374994364
2211,5847552,2644,56.30095291137695,622.79,423,0.2,2110,0.016705475375056268,0.7797917127609253,0.011687341,0.0003,0.718481034040451,0.008464592508971691,-0.00017822192641219202,0.16853392124176025,0.11914062506208817
2214,5861376,2646,54.0125732421875,599.59,424,0.2,2115,0.07111106490095456,0.9090425968170166,0.020061627,0.0003,0.7246963123480479,0.038122180849313736,0.0003469410690471436,0.1685214638710022,0.1263165510026738
2218,5875200,2648,62.318023681640625,691.82,425,0.2,2120,0.06471405861278375,0.696265459060669,0.006679974,0.0003,0.724599959452947,0.021769067272543907,-0.0026039652530151355,0.16839447617530823,0.07336516178523501
2221,5889024,2650,62.318023681640625,691.82,426,0.2,2125,0.042254336488743625,0.8800695911049843,0.007156423,0.0003,0.7245264331499736,0.015875056385993958,-0.00018252037558273427,0.16856326162815094,0.10240162132928769
2225,5902848,2652,65.42877197265625,734.03,427,0.2,2130,0.014213685939709345,0.8470982611179352,0.016742023,0.0003,0.7245393256346385,0.008752654306590557,-0.0007308279970419385,0.16831615567207336,0.117635995716167
2229,5916672,2653,61.142478942871094,690.65,428,0.2,2135,0.030548117682337762,0.8750999048352242,0.0046606367,0.0003,0.7325072626272837,0.011052029207348824,-0.0010523426629973705,0.16712051630020142,0.0962094914711391
2233,5930496,2655,65.56765747070312,742.15,429,0.2,2140,0.06077227133015792,0.863513171672821,0.004945476,0.0003,0.7458267271518707,0.032582223415374756,-0.0007799123541728884,0.16641542315483093,0.09736689932954808
2237,5944320,2656,65.56765747070312,742.15,430,0.2,2145,0.04012546595185995,0.8784085288643837,0.008759392,0.0003,0.752496463060379,0.013925280421972275,-0.0018083232333689617,0.16586372256278992,0.09865451368192832
2240,5958144,2659,67.2476806640625,764.27,431,0.2,2150,0.020292513910681008,0.8304007649421692,0.008026991,0.0003,0.7594763418038686,0.010462178848683834,-0.0008740729560587246,0.16522133350372314,0.0894675926771015
2244,5971968,2661,60.67970657348633,692.7,432,0.2,2155,0.010486580695336064,0.915174774825573,0.011118972,0.0003,0.7635661999384562,0.00303707760758698,-0.0004758110083424037,0.1653088629245758,0.1514756942167878
2248,5985792,2662,60.2864990234375,683.96,433,0.2,2160,0.08104220318297545,0.8416032791137695,0.009580533,0.0003,0.7622498114903767,0.0446087047457695,-0.002073964757491248,0.16533830761909485,0.10065104193054139
2251,5999616,2664,66.71085357666016,754.45,434,0.2,2165,0.026729443358878294,0.9093391001224518,0.0044692284,0.0003,0.7635293205579122,0.013351770117878914,0.004222874199681596,0.16513341665267944,0.19730902866770825
2282,6013440,2635,70.75940704345703,800.78,435,0.2,2170,0.017711231453965106,0.7852743566036224,0.0114537105,0.0003,0.7646270056565603,0.011757533065974712,-0.00020989890604310445,0.16515180468559265,0.124696180713363
