t_s,phase,mode,armed,landed_state,z_local_m,rel_alt_m,cmd_vz_mps,rss_px4_mavros_mb
1.05,boot,,0,0,nan,nan,0.0,16.1
1.16,boot,,0,0,nan,nan,0.0,93.5
1.28,boot,,0,0,nan,nan,0.0,121.6
1.39,boot,,0,0,0.014,nan,0.0,132.9
1.5,boot,,0,1,0.015,nan,0.0,132.9
1.6,boot,,0,1,0.014,nan,0.0,132.9
1.71,boot,,0,1,0.012,nan,0.0,132.9
1.82,boot,,0,1,0.011,nan,0.0,133.0
1.93,boot,,0,1,0.011,nan,0.0,133.0
2.04,boot,,0,1,0.011,nan,0.0,133.0
2.15,boot,,0,1,0.012,nan,0.0,133.0
2.26,boot,,0,1,0.014,nan,0.0,133.1
2.36,prearm,CMODE(50593792),0,1,0.016,nan,0.0,133.5
2.47,prearm,CMODE(50593792),0,1,0.018,nan,0.0,133.5
2.58,prearm,CMODE(50593792),0,1,0.02,nan,0.0,133.6
2.69,prearm,CMODE(50593792),0,1,0.022,nan,0.0,133.6
2.79,prearm,CMODE(50593792),0,1,0.023,nan,0.0,133.6
2.9,prearm,CMODE(50593792),0,1,0.025,0.039,0.0,133.6
3.01,prearm,CMODE(50593792),0,1,0.027,0.04,0.0,133.7
3.12,prearm,CMODE(50593792),0,1,0.028,0.042,0.0,133.7
3.23,prearm,CMODE(50593792),0,1,0.029,0.043,0.0,133.7
3.34,prearm,AUTO.LOITER,0,1,0.03,0.043,0.0,133.8
3.44,prearm,AUTO.LOITER,0,1,0.03,0.043,0.0,133.8
3.55,prearm,AUTO.LOITER,0,1,0.029,0.043,0.0,133.8
3.66,prearm,AUTO.LOITER,0,1,0.028,0.042,0.0,133.8
3.77,prearm,AUTO.LOITER,0,1,0.027,0.041,0.0,133.9
3.88,prearm,AUTO.LOITER,0,1,0.026,0.039,0.0,133.9
3.98,prearm,AUTO.LOITER,0,1,0.025,0.038,0.0,133.9
4.09,prearm,AUTO.LOITER,0,1,0.022,0.0,0.0,133.9
4.2,prearm,AUTO.LOITER,0,1,0.021,-0.002,0.0,134.0
4.34,prearm,OFFBOARD,0,1,0.019,-0.004,0.0,134.0
4.5,prearm,OFFBOARD,0,1,0.018,0.0,0.0,134.0
4.65,prearm,OFFBOARD,0,1,0.019,0.001,0.0,134.1
4.8,prearm,OFFBOARD,0,1,0.024,0.007,0.0,134.1
4.95,prearm,OFFBOARD,0,1,0.031,0.012,0.0,134.1
5.1,prearm,OFFBOARD,0,1,0.03,0.012,0.0,134.1
5.25,prearm,OFFBOARD,0,1,0.029,0.011,0.0,134.1
5.38,climb,OFFBOARD,1,1,0.024,0.005,1.5,134.1
5.5,climb,OFFBOARD,1,1,0.018,0.0,1.5,134.1
5.6,climb,OFFBOARD,1,1,0.013,-0.006,1.5,134.1
5.71,climb,OFFBOARD,1,1,0.007,-0.012,1.5,134.1
5.82,climb,OFFBOARD,1,1,0.003,-0.015,1.5,134.1
5.93,climb,OFFBOARD,1,1,0.0,-0.017,1.5,134.1
6.04,climb,OFFBOARD,1,1,-0.004,-0.023,1.5,134.1
6.15,climb,OFFBOARD,1,1,-0.007,-0.025,1.5,134.1
6.26,climb,OFFBOARD,1,1,-0.006,-0.023,1.5,134.1
6.36,climb,OFFBOARD,1,1,0.001,0.004,1.5,134.1
6.47,climb,OFFBOARD,1,2,0.005,0.007,1.5,134.1
6.58,climb,OFFBOARD,1,2,0.008,0.011,1.5,134.1
6.69,climb,OFFBOARD,1,2,0.012,0.015,1.5,134.1
6.8,climb,OFFBOARD,1,2,0.016,0.018,1.5,134.1
6.91,climb,OFFBOARD,1,2,0.02,0.023,1.5,134.1
7.03,climb,OFFBOARD,1,2,0.023,0.027,1.5,134.1
7.15,climb,OFFBOARD,1,2,0.026,0.028,1.5,134.1
7.26,climb,OFFBOARD,1,2,0.028,0.03,1.5,134.1
7.37,climb,OFFBOARD,1,2,0.032,0.036,1.5,134.1
7.48,climb,OFFBOARD,1,2,0.042,0.045,1.5,134.1
7.59,climb,OFFBOARD,1,2,0.072,0.074,1.5,134.1
7.7,climb,OFFBOARD,1,2,0.112,0.115,1.5,134.1
7.81,climb,OFFBOARD,1,2,0.166,0.183,1.5,134.1
7.92,climb,OFFBOARD,1,2,0.235,0.25,1.5,134.1
8.02,climb,OFFBOARD,1,2,0.336,0.331,1.5,134.1
8.14,climb,OFFBOARD,1,2,0.423,0.433,1.5,134.1
8.25,climb,OFFBOARD,1,2,0.509,0.519,1.5,134.1
8.36,climb,OFFBOARD,1,2,0.606,0.631,1.5,134.1
8.47,climb,OFFBOARD,1,2,0.736,0.731,1.5,134.1
8.58,climb,OFFBOARD,1,2,0.822,0.818,1.5,134.1
8.69,climb,OFFBOARD,1,2,0.905,0.914,1.5,134.1
8.8,climb,OFFBOARD,1,2,0.986,1.002,1.5,134.1
8.91,climb,OFFBOARD,1,2,1.111,1.113,1.5,134.1
9.02,climb,OFFBOARD,1,2,1.209,1.211,1.5,134.1
9.13,climb,OFFBOARD,1,2,1.32,1.323,1.5,134.1
9.23,climb,OFFBOARD,1,2,1.429,1.46,1.5,134.1
9.34,climb,OFFBOARD,1,2,1.551,1.572,1.5,134.1
9.45,climb,OFFBOARD,1,2,1.703,1.695,1.5,134.1
9.56,climb,OFFBOARD,1,2,1.829,1.841,1.5,134.1
9.68,climb,OFFBOARD,1,2,1.999,1.991,1.5,134.1
9.8,climb,OFFBOARD,1,2,2.12,2.142,1.5,134.1
9.91,climb,OFFBOARD,1,2,2.25,2.262,1.5,134.1
10.02,climb,OFFBOARD,1,2,2.371,2.393,1.5,134.1
10.12,climb,OFFBOARD,1,2,2.506,2.519,1.5,134.1
10.23,climb,OFFBOARD,1,2,2.674,2.676,1.5,134.1
10.34,climb,OFFBOARD,1,2,2.813,2.815,1.5,134.1
10.45,climb,OFFBOARD,1,2,2.943,2.945,1.5,134.1
10.56,climb,OFFBOARD,1,2,3.079,3.101,1.5,134.1
10.66,climb,OFFBOARD,1,2,3.199,3.232,1.5,134.1
10.77,climb,OFFBOARD,1,2,3.37,3.352,1.5,134.1
10.88,climb,OFFBOARD,1,2,3.492,3.504,1.5,134.1
11.0,climb,OFFBOARD,1,2,3.62,3.653,1.5,134.1
11.11,climb,OFFBOARD,1,2,3.749,3.782,1.5,134.1
11.22,climb,OFFBOARD,1,2,3.914,3.905,1.5,134.1
11.33,climb,OFFBOARD,1,2,4.05,4.063,1.5,134.1
11.45,climb,OFFBOARD,1,2,4.173,4.196,1.5,134.1
11.56,climb,OFFBOARD,1,2,4.351,4.353,1.5,134.1
11.66,climb,OFFBOARD,1,2,4.48,4.482,1.5,134.1
11.77,climb,OFFBOARD,1,2,4.623,4.625,1.5,134.1
11.88,climb,OFFBOARD,1,2,4.754,4.756,1.5,134.1
11.99,climb,OFFBOARD,1,2,4.897,4.921,1.5,134.1
12.1,climb,OFFBOARD,1,2,5.069,5.061,1.5,134.1
12.21,climb,OFFBOARD,1,2,5.214,5.227,1.5,134.1
12.32,climb,OFFBOARD,1,2,5.348,5.362,1.5,134.1
12.42,climb,OFFBOARD,1,2,5.493,5.507,1.5,134.2
12.53,climb,OFFBOARD,1,2,5.63,5.679,1.5,134.3
12.64,climb,OFFBOARD,1,2,5.825,5.816,1.5,134.4
12.75,climb,OFFBOARD,1,2,5.974,6.0,1.5,134.6
12.86,climb,OFFBOARD,1,2,6.112,6.137,1.5,134.7
12.98,climb,OFFBOARD,1,2,6.261,6.274,1.5,134.8
13.08,climb,OFFBOARD,1,2,6.443,6.445,1.5,134.8
13.19,climb,OFFBOARD,1,2,6.594,6.596,1.5,134.8
13.3,climb,OFFBOARD,1,2,6.738,6.74,1.5,134.8
13.41,climb,OFFBOARD,1,2,6.894,6.92,1.5,134.8
13.52,climb,OFFBOARD,1,2,7.035,7.072,1.5,134.8
13.63,climb,OFFBOARD,1,2,7.234,7.248,1.5,134.8
13.75,climb,OFFBOARD,1,2,7.377,7.391,1.5,134.8
13.86,climb,OFFBOARD,1,2,7.535,7.574,1.5,134.8
13.97,climb,OFFBOARD,1,2,7.738,7.728,1.5,134.8
14.08,climb,OFFBOARD,1,2,7.89,7.904,1.5,134.8
14.2,climb,OFFBOARD,1,2,8.028,8.042,1.5,134.8
14.3,climb,OFFBOARD,1,2,8.212,8.215,1.5,134.8
14.41,climb,OFFBOARD,1,2,8.366,8.368,1.5,134.8
14.52,climb,OFFBOARD,1,2,8.51,8.512,1.49,134.9
14.63,climb,OFFBOARD,1,2,8.665,8.692,1.335,134.9
14.74,climb,OFFBOARD,1,2,8.807,8.845,1.193,134.9
14.85,climb,OFFBOARD,1,2,9.004,9.018,1.041,134.9
14.97,climb,OFFBOARD,1,2,9.132,9.144,0.868,134.9
15.07,climb,OFFBOARD,1,2,9.257,9.268,0.743,134.9
15.18,climb,OFFBOARD,1,2,9.358,9.392,0.642,134.9
15.29,climb,OFFBOARD,1,2,9.478,9.474,0.548,134.9
15.4,climb,OFFBOARD,1,2,9.553,9.561,0.447,134.9
15.51,climb,OFFBOARD,1,2,9.615,9.627,0.385,134.9
15.62,climb,OFFBOARD,1,2,9.674,9.68,0.326,134.9
15.73,hover,OFFBOARD,1,2,9.721,9.73,0.279,134.9
15.84,hover,OFFBOARD,1,2,9.778,9.78,0.235,134.9
15.95,hover,OFFBOARD,1,2,9.813,9.823,0.187,134.9
16.06,hover,OFFBOARD,1,2,9.845,9.852,0.155,134.9
16.17,hover,OFFBOARD,1,2,9.884,9.884,0.126,134.9
16.28,hover,OFFBOARD,1,2,9.915,9.919,0.085,134.9
16.39,hover,OFFBOARD,1,2,9.939,9.943,0.061,134.9
16.5,hover,OFFBOARD,1,2,9.961,9.964,0.039,134.9
16.6,hover,OFFBOARD,1,2,9.974,9.976,0.029,134.9
16.73,hover,OFFBOARD,1,2,9.98,9.982,0.022,134.9
16.84,hover,OFFBOARD,1,2,9.978,9.98,0.022,134.9
16.95,hover,OFFBOARD,1,2,9.976,9.978,0.025,134.9
17.06,hover,OFFBOARD,1,2,9.978,9.98,0.022,134.9
17.17,hover,OFFBOARD,1,2,9.985,9.989,0.015,134.9
17.29,hover,OFFBOARD,1,2,9.992,9.995,0.008,134.9
17.39,hover,OFFBOARD,1,2,9.998,10.001,0.004,134.9
17.51,hover,OFFBOARD,1,2,10.006,10.009,-0.006,134.9
17.62,hover,OFFBOARD,1,2,10.015,10.019,-0.015,134.9
17.72,hover,OFFBOARD,1,2,10.026,10.031,-0.026,134.9
17.84,hover,OFFBOARD,1,2,10.041,10.042,-0.037,134.9
17.95,hover,OFFBOARD,1,2,10.049,10.051,-0.049,134.9
18.05,hover,OFFBOARD,1,2,10.055,10.058,-0.055,134.9
18.16,hover,OFFBOARD,1,2,10.059,10.062,-0.059,134.9
18.27,hover,OFFBOARD,1,2,10.061,10.065,-0.061,134.9
18.38,hover,OFFBOARD,1,2,10.07,10.073,-0.068,134.9
18.49,hover,OFFBOARD,1,2,10.081,10.083,-0.081,134.9
18.6,hover,OFFBOARD,1,2,10.089,10.092,-0.089,134.9
18.71,hover,OFFBOARD,1,2,10.093,10.096,-0.093,134.9
18.82,hover,OFFBOARD,1,2,10.098,10.1,-0.097,134.9
18.93,hover,OFFBOARD,1,2,10.104,10.107,-0.104,134.9
19.03,hover,OFFBOARD,1,2,10.107,10.109,-0.107,134.9
19.14,hover,OFFBOARD,1,2,10.109,10.112,-0.109,134.9
19.25,hover,OFFBOARD,1,2,10.117,10.121,-0.117,134.9
19.36,hover,OFFBOARD,1,2,10.123,10.125,-0.123,134.9
19.48,hover,OFFBOARD,1,2,10.125,10.127,-0.124,134.9
19.59,hover,OFFBOARD,1,2,10.122,10.123,-0.122,134.9
19.7,hover,OFFBOARD,1,2,10.119,10.121,-0.119,134.9
19.81,hover,OFFBOARD,1,2,10.116,10.119,-0.116,134.9
19.92,hover,OFFBOARD,1,2,10.111,10.113,-0.111,134.9
20.02,hover,OFFBOARD,1,2,10.103,10.104,-0.103,134.9
20.14,hover,OFFBOARD,1,2,10.092,10.096,-0.094,134.9
20.25,hover,OFFBOARD,1,2,10.09,10.092,-0.09,134.9
20.37,hover,OFFBOARD,1,2,10.087,10.089,-0.087,134.9
20.47,hover,OFFBOARD,1,2,10.083,10.084,-0.083,134.9
20.58,hover,OFFBOARD,1,2,10.074,10.078,-0.077,134.9
20.69,hover,OFFBOARD,1,2,10.064,10.068,-0.064,134.9
20.8,hover,OFFBOARD,1,2,10.057,10.058,-0.057,134.9
20.92,hover,OFFBOARD,1,2,10.049,10.05,-0.049,134.9
21.02,hover,OFFBOARD,1,2,10.037,10.04,-0.04,134.9
21.13,hover,OFFBOARD,1,2,10.027,10.029,-0.027,134.9
21.24,hover,OFFBOARD,1,2,10.016,10.018,-0.016,134.9
21.35,hover,OFFBOARD,1,2,10.007,10.008,-0.007,134.9
21.46,hover,OFFBOARD,1,2,9.999,9.999,0.001,134.9
21.57,hover,OFFBOARD,1,2,9.988,9.991,0.01,134.9
21.67,hover,OFFBOARD,1,2,9.985,9.988,0.015,134.9
21.79,hover,OFFBOARD,1,2,9.984,9.986,0.016,134.9
21.89,hover,OFFBOARD,1,2,9.978,9.98,0.022,134.9
22.0,hover,OFFBOARD,1,2,9.97,9.973,0.028,134.9
22.12,hover,OFFBOARD,1,2,9.968,9.97,0.032,134.9
22.23,hover,OFFBOARD,1,2,9.966,9.968,0.034,134.9
22.34,hover,OFFBOARD,1,2,9.964,9.966,0.036,134.9
22.45,hover,OFFBOARD,1,2,9.964,9.966,0.036,134.9
22.56,hover,OFFBOARD,1,2,9.968,9.97,0.032,134.9
22.67,hover,OFFBOARD,1,2,9.974,9.976,0.026,134.9
22.77,hover,OFFBOARD,1,2,9.98,9.982,0.02,134.9
22.89,hover,OFFBOARD,1,2,9.984,9.986,0.017,134.9
23.0,hover,OFFBOARD,1,2,9.987,9.989,0.013,134.9
23.11,hover,OFFBOARD,1,2,9.991,9.993,0.009,134.9
23.22,hover,OFFBOARD,1,2,9.995,9.998,0.005,134.9
23.32,hover,OFFBOARD,1,2,10.0,10.002,0.001,134.9
23.44,hover,OFFBOARD,1,2,10.004,10.007,-0.004,134.9
23.55,hover,OFFBOARD,1,2,10.008,10.011,-0.008,134.9
23.67,hover,OFFBOARD,1,2,10.011,10.014,-0.011,134.9
23.78,hover,OFFBOARD,1,2,10.015,10.017,-0.014,134.9
23.88,hover,OFFBOARD,1,2,10.017,10.019,-0.017,134.9
23.99,hover,OFFBOARD,1,2,10.019,10.021,-0.019,134.9
24.1,hover,OFFBOARD,1,2,10.018,10.02,-0.018,134.9
24.22,hover,OFFBOARD,1,2,10.014,10.017,-0.014,134.9
24.33,hover,OFFBOARD,1,2,10.014,10.016,-0.014,134.9
24.43,hover,OFFBOARD,1,2,10.013,10.016,-0.013,134.9
24.54,hover,OFFBOARD,1,2,10.014,10.016,-0.014,134.9
24.65,hover,OFFBOARD,1,2,10.011,10.013,-0.011,134.9
24.76,hover,OFFBOARD,1,2,10.01,10.012,-0.009,134.9
24.87,hover,OFFBOARD,1,2,10.015,10.017,-0.015,134.9
24.98,hover,OFFBOARD,1,2,10.02,10.022,-0.02,134.9
25.08,hover,OFFBOARD,1,2,10.024,10.027,-0.024,134.9
25.19,hover,OFFBOARD,1,2,10.026,10.028,-0.026,134.9
25.3,hover,OFFBOARD,1,2,10.025,10.027,-0.025,134.9
25.41,hover,OFFBOARD,1,2,10.023,10.025,-0.023,134.9
25.52,hover,OFFBOARD,1,2,10.023,10.025,-0.023,134.9
25.62,hover,OFFBOARD,1,2,10.024,10.026,-0.024,134.9
25.73,hover,OFFBOARD,1,2,10.022,10.026,-0.023,134.9
25.85,hover,OFFBOARD,1,2,10.014,10.016,-0.014,134.9
25.96,hover,OFFBOARD,1,2,10.007,10.009,-0.007,134.9
26.07,hover,OFFBOARD,1,2,9.999,10.002,-0.001,134.9
26.19,hover,OFFBOARD,1,2,9.99,9.992,0.01,134.9
26.3,hover,OFFBOARD,1,2,9.98,9.981,0.02,134.9
26.41,hover,OFFBOARD,1,2,9.967,9.968,0.033,134.9
26.52,hover,OFFBOARD,1,2,9.952,9.955,0.044,134.9
26.63,hover,OFFBOARD,1,2,9.946,9.949,0.053,134.9
26.74,hover,OFFBOARD,1,2,9.946,9.948,0.054,134.9
26.85,hover,OFFBOARD,1,2,9.945,9.946,0.055,134.9
26.96,hover,OFFBOARD,1,2,9.941,9.941,0.059,134.9
27.07,hover,OFFBOARD,1,2,9.935,9.937,0.064,134.9
27.17,hover,OFFBOARD,1,2,9.932,9.934,0.068,134.9
27.28,hover,OFFBOARD,1,2,9.93,9.932,0.07,134.9
27.39,hover,OFFBOARD,1,2,9.927,9.929,0.073,134.9
27.5,hover,OFFBOARD,1,2,9.926,9.929,0.074,134.9
27.61,hover,OFFBOARD,1,2,9.93,9.932,0.071,134.9
27.72,hover,OFFBOARD,1,2,9.931,9.933,0.069,134.9
27.82,hover,OFFBOARD,1,2,9.933,9.935,0.067,134.9
27.94,hover,OFFBOARD,1,2,9.934,9.937,0.066,134.9
28.04,hover,OFFBOARD,1,2,9.937,9.94,0.063,134.9
28.15,hover,OFFBOARD,1,2,9.936,9.939,0.064,134.9
28.26,hover,OFFBOARD,1,2,9.929,9.931,0.071,134.9
28.37,hover,OFFBOARD,1,2,9.919,9.921,0.081,134.9
28.48,hover,OFFBOARD,1,2,9.909,9.91,0.091,134.9
28.59,hover,OFFBOARD,1,2,9.898,9.897,0.102,134.9
28.69,hover,OFFBOARD,1,2,9.882,9.887,0.114,134.9
28.8,hover,OFFBOARD,1,2,9.871,9.872,0.129,134.9
28.91,hover,OFFBOARD,1,2,9.861,9.863,0.139,134.9
29.02,hover,OFFBOARD,1,2,9.851,9.853,0.149,134.9
29.13,hover,OFFBOARD,1,2,9.841,9.84,0.159,134.9
29.24,hover,OFFBOARD,1,2,9.834,9.837,0.164,134.9
29.35,hover,OFFBOARD,1,2,9.834,9.836,0.166,134.9
29.46,hover,OFFBOARD,1,2,9.836,9.838,0.164,134.9
29.57,hover,OFFBOARD,1,2,9.843,9.847,0.157,134.9
29.68,hover,OFFBOARD,1,2,9.852,9.854,0.151,134.9
29.78,hover,OFFBOARD,1,2,9.856,9.858,0.144,134.9
29.89,hover,OFFBOARD,1,2,9.857,9.859,0.143,134.9
30.0,hover,OFFBOARD,1,2,9.856,9.858,0.144,134.9
30.11,hover,OFFBOARD,1,2,9.855,9.857,0.145,134.9
30.22,hover,OFFBOARD,1,2,9.855,9.857,0.145,134.9
30.32,hover,OFFBOARD,1,2,9.857,9.859,0.145,134.9
30.43,hover,OFFBOARD,1,2,9.855,9.857,0.145,134.9
30.54,hover,OFFBOARD,1,2,9.85,9.852,0.15,134.9
30.65,hover,OFFBOARD,1,2,9.846,9.847,0.154,134.9
30.76,hover,OFFBOARD,1,2,9.84,9.842,0.159,134.9
30.89,hover,OFFBOARD,1,2,9.839,9.841,0.161,134.9
30.99,hover,OFFBOARD,1,2,9.836,9.836,0.164,134.9
31.1,hover,OFFBOARD,1,2,9.825,9.828,0.173,134.9
31.21,hover,OFFBOARD,1,2,9.819,9.822,0.18,134.9
31.32,hover,OFFBOARD,1,2,9.816,9.819,0.184,134.9
31.43,hover,OFFBOARD,1,2,9.817,9.819,0.183,134.9
31.54,hover,OFFBOARD,1,2,9.818,9.821,0.182,134.9
31.64,hover,OFFBOARD,1,2,9.82,9.823,0.179,134.9
31.75,hover,OFFBOARD,1,2,9.822,9.825,0.178,134.9
31.87,hover,OFFBOARD,1,2,9.822,9.825,0.178,134.9
31.97,hover,OFFBOARD,1,2,9.819,9.822,0.181,134.9
32.1,hover,OFFBOARD,1,2,9.816,9.819,0.184,134.9
32.2,hover,OFFBOARD,1,2,9.812,9.814,0.188,134.9
32.32,hover,OFFBOARD,1,2,9.81,9.812,0.19,134.9
32.42,hover,OFFBOARD,1,2,9.81,9.813,0.19,134.9
32.53,hover,OFFBOARD,1,2,9.821,9.824,0.183,134.9
32.68,hover,OFFBOARD,1,2,9.829,9.832,0.171,134.9
32.79,hover,OFFBOARD,1,2,9.836,9.838,0.164,134.9
32.89,hover,OFFBOARD,1,2,9.838,9.84,0.162,134.9
33.03,hover,OFFBOARD,1,2,9.839,9.841,0.161,134.9
33.14,hover,OFFBOARD,1,2,9.84,9.842,0.161,134.9
33.25,hover,OFFBOARD,1,2,9.836,9.837,0.164,134.9
33.37,hover,OFFBOARD,1,2,9.831,9.834,0.169,134.9
33.47,hover,OFFBOARD,1,2,9.831,9.834,0.169,134.9
33.59,hover,OFFBOARD,1,2,9.833,9.835,0.167,134.9
33.69,hover,OFFBOARD,1,2,9.835,9.837,0.165,134.9
33.8,hover,OFFBOARD,1,2,9.836,9.838,0.164,134.9
33.91,hover,OFFBOARD,1,2,9.84,9.843,0.16,134.9
34.02,hover,OFFBOARD,1,2,9.838,9.84,0.162,134.9
34.13,hover,OFFBOARD,1,2,9.831,9.834,0.167,134.9
34.24,hover,OFFBOARD,1,2,9.826,9.829,0.174,134.9
34.35,hover,OFFBOARD,1,2,9.828,9.83,0.172,134.9
34.46,hover,OFFBOARD,1,2,9.832,9.835,0.168,134.9
34.56,hover,OFFBOARD,1,2,9.838,9.84,0.163,134.9
34.67,hover,OFFBOARD,1,2,9.84,9.843,0.16,134.9
34.78,hover,OFFBOARD,1,2,9.841,9.843,0.159,134.9
34.9,hover,OFFBOARD,1,2,9.842,9.845,0.158,134.9
35.01,hover,OFFBOARD,1,2,9.85,9.853,0.15,134.9
35.12,hover,OFFBOARD,1,2,9.856,9.859,0.144,134.9
35.23,hover,OFFBOARD,1,2,9.862,9.865,0.138,134.9
35.33,hover,OFFBOARD,1,2,9.868,9.871,0.132,134.9
35.44,hover,OFFBOARD,1,2,9.877,9.88,0.123,134.9
35.55,hover,OFFBOARD,1,2,9.882,9.884,0.12,134.9
35.66,hover,OFFBOARD,1,2,9.886,9.889,0.114,134.9
35.81,land,OFFBOARD,1,2,9.892,9.895,0.0,134.9
35.94,land,AUTO.LAND,1,4,9.894,9.896,0.0,134.9
36.05,land,AUTO.LAND,1,4,9.898,9.901,0.0,134.9
36.16,land,AUTO.LAND,1,4,9.894,9.897,0.0,134.9
36.27,land,AUTO.LAND,1,4,9.878,9.882,0.0,134.9
36.38,land,AUTO.LAND,1,4,9.85,9.849,0.0,134.9
36.49,land,AUTO.LAND,1,4,9.812,9.806,0.0,134.9
36.6,land,AUTO.LAND,1,4,9.736,9.738,0.0,134.9
36.71,land,AUTO.LAND,1,4,9.67,9.672,0.0,134.9
36.82,land,AUTO.LAND,1,4,9.587,9.59,0.0,134.9
36.92,land,AUTO.LAND,1,4,9.497,9.475,0.0,134.9
37.04,land,AUTO.LAND,1,4,9.387,9.372,0.0,134.9
37.14,land,AUTO.LAND,1,4,9.24,9.232,0.0,134.9
37.26,land,AUTO.LAND,1,4,9.113,9.105,0.0,134.9
37.37,land,AUTO.LAND,1,4,8.99,8.95,0.0,134.9
37.48,land,AUTO.LAND,1,4,8.814,8.826,0.0,134.9
37.59,land,AUTO.LAND,1,4,8.681,8.693,0.0,134.9
37.7,land,AUTO.LAND,1,4,8.558,8.54,0.0,134.9
37.81,land,AUTO.LAND,1,4,8.43,8.423,0.0,134.9
37.92,land,AUTO.LAND,1,4,8.313,8.296,0.0,134.9
38.03,land,AUTO.LAND,1,4,8.147,8.149,0.0,134.9
38.14,land,AUTO.LAND,1,4,8.029,8.003,0.0,134.9
38.26,land,AUTO.LAND,1,4,7.907,7.891,0.0,134.9
38.37,land,AUTO.LAND,1,4,7.76,7.754,0.0,134.9
38.48,land,AUTO.LAND,1,4,7.645,7.639,0.0,134.9
38.59,land,AUTO.LAND,1,4,7.54,7.534,0.0,134.9
38.7,land,AUTO.LAND,1,4,7.394,7.405,0.0,134.9
38.82,land,AUTO.LAND,1,4,7.281,7.292,0.0,134.9
38.92,land,AUTO.LAND,1,4,7.178,7.163,0.0,134.9
39.04,land,AUTO.LAND,1,4,7.066,7.06,0.0,134.9
39.14,land,AUTO.LAND,1,4,6.932,6.935,0.0,134.9
39.26,land,AUTO.LAND,1,4,6.826,6.828,0.0,134.9
39.37,land,AUTO.LAND,1,4,6.732,6.711,0.0,134.9
39.48,land,AUTO.LAND,1,4,6.626,6.613,0.0,134.9
39.59,land,AUTO.LAND,1,4,6.498,6.508,0.0,134.9
39.7,land,AUTO.LAND,1,4,6.402,6.397,0.0,134.9
39.81,land,AUTO.LAND,1,4,6.318,6.314,0.0,134.9
39.91,land,AUTO.LAND,1,4,6.23,6.225,0.0,134.9
40.02,land,AUTO.LAND,1,4,6.147,6.122,0.0,134.9
40.13,land,AUTO.LAND,1,4,6.058,6.04,0.0,134.9
40.24,land,AUTO.LAND,1,4,5.946,5.955,0.0,134.9
40.35,land,AUTO.LAND,1,4,5.868,5.858,0.0,134.9
40.47,land,AUTO.LAND,1,4,5.755,5.757,0.0,134.9
40.58,land,AUTO.LAND,1,4,5.67,5.672,0.0,134.9
40.69,land,AUTO.LAND,1,4,5.581,5.583,0.0,134.9
40.8,land,AUTO.LAND,1,4,5.503,5.485,0.0,134.9
40.91,land,AUTO.LAND,1,4,5.396,5.411,0.0,134.9
41.02,land,AUTO.LAND,1,4,5.322,5.318,0.0,134.9
41.13,land,AUTO.LAND,1,4,5.24,5.236,0.0,134.9
41.24,land,AUTO.LAND,1,4,5.163,5.153,0.0,134.9
41.36,land,AUTO.LAND,1,4,5.064,5.072,0.0,134.9
41.47,land,AUTO.LAND,1,4,4.994,5.001,0.0,134.9
41.57,land,AUTO.LAND,1,4,4.927,4.917,0.0,134.9
41.69,land,AUTO.LAND,1,4,4.853,4.849,0.0,134.9
41.79,land,AUTO.LAND,1,4,4.765,4.767,0.0,134.9
41.91,land,AUTO.LAND,1,4,4.695,4.697,0.0,134.9
42.01,land,AUTO.LAND,1,4,4.627,4.613,0.0,134.9
42.13,land,AUTO.LAND,1,4,4.532,4.545,0.0,134.9
42.24,land,AUTO.LAND,1,4,4.465,4.462,0.0,134.9
42.35,land,AUTO.LAND,1,4,4.394,4.39,0.0,134.9
42.46,land,AUTO.LAND,1,4,4.299,4.307,0.0,134.9
42.58,land,AUTO.LAND,1,4,4.234,4.242,0.0,134.9
42.69,land,AUTO.LAND,1,4,4.16,4.156,0.0,134.9
42.8,land,AUTO.LAND,1,4,4.089,4.08,0.0,134.9
42.9,land,AUTO.LAND,1,4,4.014,4.011,0.0,134.9
43.01,land,AUTO.LAND,1,4,3.95,3.942,0.0,134.9
43.12,land,AUTO.LAND,1,4,3.864,3.866,0.0,134.9
43.23,land,AUTO.LAND,1,4,3.801,3.803,0.0,134.9
43.34,land,AUTO.LAND,1,4,3.711,3.724,0.0,134.9
43.46,land,AUTO.LAND,1,4,3.651,3.648,0.0,134.9
43.57,land,AUTO.LAND,1,4,3.581,3.578,0.0,134.9
43.68,land,AUTO.LAND,1,4,3.515,3.512,0.0,134.9
43.79,land,AUTO.LAND,1,4,3.443,3.427,0.0,134.9
43.9,land,AUTO.LAND,1,4,3.34,3.348,0.0,134.9
44.01,land,AUTO.LAND,1,4,3.268,3.259,0.0,134.9
44.12,land,AUTO.LAND,1,4,3.193,3.19,0.0,134.9
44.23,land,AUTO.LAND,1,4,3.124,3.115,0.0,134.9
44.34,land,AUTO.LAND,1,4,3.048,3.044,0.0,134.9
44.44,land,AUTO.LAND,1,4,2.952,2.954,0.0,134.9
44.56,land,AUTO.LAND,1,4,2.881,2.868,0.0,134.9
44.68,land,AUTO.LAND,1,4,2.796,2.793,0.0,134.9
44.8,land,AUTO.LAND,1,4,2.726,2.723,0.0,134.9
44.91,land,AUTO.LAND,1,4,2.663,2.646,0.0,134.9
45.02,land,AUTO.LAND,1,4,2.58,2.573,0.0,134.9
45.14,land,AUTO.LAND,1,4,2.518,2.515,0.0,134.9
45.25,land,AUTO.LAND,1,4,2.459,2.452,0.0,134.9
45.36,land,AUTO.LAND,1,4,2.384,2.386,0.0,134.9
45.47,land,AUTO.LAND,1,4,2.335,2.325,0.0,134.9
45.59,land,AUTO.LAND,1,4,2.28,2.273,0.0,134.9
45.69,land,AUTO.LAND,1,4,2.203,2.21,0.0,134.9
45.8,land,AUTO.LAND,1,4,2.139,2.152,0.0,134.9
45.91,land,AUTO.LAND,1,4,2.078,2.07,0.0,134.9
46.02,land,AUTO.LAND,1,4,2.014,2.011,0.0,134.9
46.12,land,AUTO.LAND,1,4,1.955,1.953,0.0,134.9
46.23,land,AUTO.LAND,1,4,1.871,1.883,0.0,134.9
46.35,land,AUTO.LAND,1,4,1.814,1.821,0.0,134.9
46.46,land,AUTO.LAND,1,4,1.756,1.748,0.0,134.9
46.58,land,AUTO.LAND,1,4,1.671,1.673,0.0,134.9
46.69,land,AUTO.LAND,1,4,1.608,1.61,0.0,134.9
46.79,land,AUTO.LAND,1,4,1.541,1.543,0.0,134.9
46.9,land,AUTO.LAND,1,4,1.48,1.467,0.0,134.9
47.01,land,AUTO.LAND,1,4,1.412,1.404,0.0,134.9
47.12,land,AUTO.LAND,1,4,1.333,1.341,0.0,134.9
47.23,land,AUTO.LAND,1,4,1.277,1.275,0.0,134.9
47.34,land,AUTO.LAND,1,4,1.225,1.223,0.0,134.9
47.45,land,AUTO.LAND,1,4,1.168,1.165,0.0,134.9
47.56,land,AUTO.LAND,1,4,1.112,1.096,0.0,134.9
47.67,land,AUTO.LAND,1,4,1.034,1.041,0.0,134.9
47.78,land,AUTO.LAND,1,4,0.979,0.974,0.0,134.9
47.89,land,AUTO.LAND,1,4,0.936,0.932,0.0,134.9
47.99,land,AUTO.LAND,1,4,0.893,0.892,0.0,134.9
48.1,land,AUTO.LAND,1,4,0.851,0.846,0.0,134.9
48.21,land,AUTO.LAND,1,4,0.792,0.795,0.0,134.9
48.32,land,AUTO.LAND,1,4,0.749,0.752,0.0,134.9
48.43,land,AUTO.LAND,1,4,0.707,0.703,0.0,134.9
48.54,land,AUTO.LAND,1,4,0.667,0.659,0.0,134.9
48.65,land,AUTO.LAND,1,4,0.606,0.605,0.0,134.9
48.76,land,AUTO.LAND,1,4,0.564,0.563,0.0,134.9
48.87,land,AUTO.LAND,1,4,0.522,0.521,0.0,134.9
48.98,land,AUTO.LAND,1,4,0.486,0.477,0.0,134.9
49.09,land,AUTO.LAND,1,4,0.45,0.444,0.0,134.9
49.2,land,AUTO.LAND,1,4,0.405,0.404,0.0,134.9
49.32,land,AUTO.LAND,1,4,0.375,0.372,0.0,134.9
49.42,land,AUTO.LAND,1,4,0.346,0.347,0.0,134.9
49.53,land,AUTO.LAND,1,4,0.313,0.316,0.0,134.9
49.64,land,AUTO.LAND,1,4,0.287,0.289,0.0,134.9
49.75,land,AUTO.LAND,1,4,0.261,0.261,0.0,134.9
49.86,land,AUTO.LAND,1,4,0.235,0.234,0.0,134.9
49.97,land,AUTO.LAND,1,4,0.219,0.218,0.0,134.9
50.07,land,AUTO.LAND,1,4,0.199,0.202,0.0,134.9
50.18,land,AUTO.LAND,1,4,0.194,0.196,0.0,134.9
50.29,land,AUTO.LAND,1,4,0.189,0.192,0.0,134.9
50.4,land,AUTO.LAND,1,4,0.185,0.188,0.0,134.9
50.51,land,AUTO.LAND,1,4,0.182,0.184,0.0,134.9
50.62,land,AUTO.LAND,1,4,0.178,0.181,0.0,134.9
50.73,land,AUTO.LAND,1,4,0.176,0.178,0.0,134.9
50.84,land,AUTO.LAND,1,4,0.169,0.171,0.0,134.9
50.95,land,AUTO.LAND,1,4,0.165,0.167,0.0,134.9
51.06,land,AUTO.LAND,1,4,0.163,0.165,0.0,134.9
51.17,land,AUTO.LAND,1,4,0.162,0.165,0.0,134.9
51.27,land,AUTO.LAND,1,4,0.164,0.166,0.0,134.9
51.38,land,AUTO.LAND,1,4,0.167,0.169,0.0,134.9
51.49,land,AUTO.LAND,1,4,0.165,0.168,0.0,134.9
51.6,land,AUTO.LAND,1,4,0.166,0.168,0.0,134.9
51.71,land,AUTO.LAND,1,4,0.167,0.169,0.0,134.9
51.82,land,AUTO.LAND,1,4,0.165,0.167,0.0,134.9
51.93,land,AUTO.LAND,1,4,0.16,0.162,0.0,134.9
52.03,land,AUTO.LAND,1,4,0.156,0.156,0.0,134.9
52.14,land,AUTO.LAND,1,4,0.149,0.152,0.0,134.9
52.25,land,AUTO.LAND,1,4,0.146,0.149,0.0,134.9
52.36,land,AUTO.LAND,1,4,0.139,0.14,0.0,135.0
52.47,land,AUTO.LAND,1,1,0.128,0.13,0.0,135.0
52.58,land,AUTO.LAND,1,1,0.121,0.122,0.0,135.0
52.69,land,AUTO.LAND,1,1,0.112,0.114,0.0,135.0
52.8,land,AUTO.LAND,1,1,0.109,0.111,0.0,135.0
52.92,land,AUTO.LAND,1,1,0.106,0.109,0.0,135.0
53.03,land,AUTO.LAND,1,1,0.104,0.106,0.0,135.0
53.15,land,AUTO.LAND,1,1,0.104,0.106,0.0,135.0
53.25,land,AUTO.LAND,1,1,0.105,0.108,0.0,135.0
53.36,land,AUTO.LAND,1,1,0.106,0.109,0.0,135.0
53.47,land,AUTO.LAND,1,1,0.112,0.114,0.0,135.0
53.58,land,AUTO.LAND,1,1,0.114,0.117,0.0,135.0
53.7,land,AUTO.LAND,1,1,0.113,0.116,0.0,135.0
53.81,land,AUTO.LAND,1,1,0.108,0.111,0.0,135.0
53.91,land,AUTO.LAND,1,1,0.103,0.105,0.0,135.0
54.02,land,AUTO.LAND,1,1,0.097,0.099,0.0,135.0
54.13,land,AUTO.LAND,1,1,0.087,0.087,0.0,135.0
54.24,land,AUTO.LAND,1,1,0.073,0.071,0.0,135.0
54.35,land,AUTO.LAND,1,1,0.048,0.053,0.0,135.0
54.46,land,AUTO.LAND,1,1,0.031,0.032,0.0,135.0
54.58,land,AUTO.LAND,1,1,0.014,0.013,0.0,135.0
54.69,land,AUTO.LAND,1,1,0.001,0.004,0.0,135.0
54.81,land,AUTO.LAND,1,1,-0.008,-0.006,0.0,135.0
54.91,land,AUTO.LAND,1,1,-0.017,-0.014,0.0,135.0
55.02,land,AUTO.LAND,1,1,-0.024,-0.022,0.0,135.0
55.13,land,AUTO.LAND,1,1,-0.03,-0.028,0.0,135.0
55.24,land,AUTO.LAND,1,1,-0.038,-0.035,0.0,135.0
55.35,done,OFFBOARD,0,1,-0.044,-0.04,0.0,135.0
55.46,done,OFFBOARD,0,1,-0.049,-0.047,0.0,135.0
55.56,done,OFFBOARD,0,1,-0.056,-0.053,0.0,135.0
55.67,done,OFFBOARD,0,1,-0.063,-0.059,0.0,135.0
55.78,done,OFFBOARD,0,1,-0.068,-0.065,0.0,135.0
55.89,done,OFFBOARD,0,1,-0.072,-0.069,0.0,135.0
56.0,done,OFFBOARD,0,1,-0.077,-0.074,0.0,135.0
56.11,done,OFFBOARD,0,1,-0.082,-0.08,0.0,135.0
56.22,done,OFFBOARD,0,1,-0.088,-0.084,0.0,135.0
