t_s,phase,drone_id,mode,armed,landed_state,z_local_m
3.01,boot,1,,0,0,nan
3.01,boot,2,,0,0,nan
3.01,boot,3,,0,0,nan
3.21,boot,1,,0,0,nan
3.21,boot,2,,0,0,nan
3.21,boot,3,,0,0,nan
3.41,boot,1,,0,0,nan
3.41,boot,2,,0,0,0.005
3.41,boot,3,CMODE(50593792),0,1,0.015
3.61,boot,1,,0,0,0.026
3.61,boot,2,,0,1,0.006
3.61,boot,3,CMODE(50593792),0,1,0.013
3.81,boot,1,,0,1,0.026
3.81,boot,2,,0,1,0.007
3.81,boot,3,CMODE(50593792),0,1,0.01
4.01,boot,1,,0,1,0.024
4.01,boot,2,,0,1,0.008
4.01,boot,3,CMODE(50593792),0,1,0.01
4.21,boot,1,,0,1,0.02
4.21,boot,2,,0,1,0.011
4.21,boot,3,CMODE(50593792),0,1,0.012
4.41,boot,1,AUTO.LOITER,0,1,0.018
4.41,boot,2,CMODE(50593792),0,1,0.014
4.41,boot,3,AUTO.LOITER,0,1,0.015
4.61,boot,1,AUTO.LOITER,0,1,0.016
4.61,boot,2,CMODE(50593792),0,1,0.015
4.61,boot,3,AUTO.LOITER,0,1,0.018
4.81,boot,1,AUTO.LOITER,0,1,0.015
4.81,boot,2,CMODE(50593792),0,1,0.015
4.81,boot,3,AUTO.LOITER,0,1,0.021
7.91,arm_climb,1,AUTO.LOITER,0,1,0.025
7.91,arm_climb,2,AUTO.LOITER,0,1,0.005
7.91,arm_climb,3,AUTO.LOITER,0,1,0.004
8.12,arm_climb,1,AUTO.LOITER,0,1,0.025
8.12,arm_climb,2,AUTO.LOITER,0,1,0.006
8.12,arm_climb,3,AUTO.LOITER,0,1,0.004
8.32,arm_climb,1,AUTO.LOITER,0,1,0.025
8.32,arm_climb,2,AUTO.LOITER,0,1,0.007
8.32,arm_climb,3,AUTO.LOITER,0,1,0.006
8.52,arm_climb,1,OFFBOARD,0,1,0.024
8.52,arm_climb,2,OFFBOARD,0,1,0.009
8.52,arm_climb,3,OFFBOARD,0,1,0.008
8.72,arm_climb,1,OFFBOARD,0,1,0.023
8.72,arm_climb,2,OFFBOARD,0,1,0.009
8.72,arm_climb,3,OFFBOARD,0,1,0.009
8.92,arm_climb,1,OFFBOARD,0,1,0.021
8.92,arm_climb,2,OFFBOARD,0,1,0.009
8.92,arm_climb,3,OFFBOARD,0,1,0.01
9.12,arm_climb,1,OFFBOARD,0,1,0.02
9.12,arm_climb,2,OFFBOARD,0,1,0.011
9.12,arm_climb,3,OFFBOARD,0,1,0.014
9.32,arm_climb,1,OFFBOARD,0,1,0.014
9.32,arm_climb,2,OFFBOARD,0,1,0.007
9.32,arm_climb,3,OFFBOARD,0,1,0.022
9.52,arm_climb,1,OFFBOARD,1,1,0.012
9.52,arm_climb,2,OFFBOARD,1,1,0.0
9.52,arm_climb,3,OFFBOARD,1,1,0.031
9.72,arm_climb,1,OFFBOARD,1,1,0.023
9.72,arm_climb,2,OFFBOARD,1,1,-0.007
9.72,arm_climb,3,OFFBOARD,1,1,0.033
9.92,arm_climb,1,OFFBOARD,1,1,0.025
9.92,arm_climb,2,OFFBOARD,1,1,-0.019
9.92,arm_climb,3,OFFBOARD,1,1,0.039
10.12,arm_climb,1,OFFBOARD,1,1,0.035
10.12,arm_climb,2,OFFBOARD,1,1,-0.029
10.12,arm_climb,3,OFFBOARD,1,1,0.053
10.32,arm_climb,1,OFFBOARD,1,1,0.051
10.32,arm_climb,2,OFFBOARD,1,1,-0.043
10.32,arm_climb,3,OFFBOARD,1,1,0.066
10.53,arm_climb,1,OFFBOARD,1,1,0.062
10.53,arm_climb,2,OFFBOARD,1,1,-0.058
10.53,arm_climb,3,OFFBOARD,1,1,0.078
10.73,arm_climb,1,OFFBOARD,1,1,0.08
10.73,arm_climb,2,OFFBOARD,1,1,-0.062
10.73,arm_climb,3,OFFBOARD,1,1,0.089
10.93,arm_climb,1,OFFBOARD,1,1,0.1
10.93,arm_climb,2,OFFBOARD,1,2,-0.072
10.93,arm_climb,3,OFFBOARD,1,2,0.092
11.13,arm_climb,1,OFFBOARD,1,2,0.115
11.13,arm_climb,2,OFFBOARD,1,2,-0.077
11.13,arm_climb,3,OFFBOARD,1,2,0.095
11.33,arm_climb,1,OFFBOARD,1,2,0.133
11.33,arm_climb,2,OFFBOARD,1,2,-0.065
11.33,arm_climb,3,OFFBOARD,1,2,0.092
11.53,arm_climb,1,OFFBOARD,1,2,0.139
11.53,arm_climb,2,OFFBOARD,1,2,-0.067
11.53,arm_climb,3,OFFBOARD,1,2,0.096
11.73,arm_climb,1,OFFBOARD,1,2,0.148
11.73,arm_climb,2,OFFBOARD,1,2,-0.069
11.73,arm_climb,3,OFFBOARD,1,2,0.111
11.93,arm_climb,1,OFFBOARD,1,2,0.158
11.93,arm_climb,2,OFFBOARD,1,2,-0.053
11.93,arm_climb,3,OFFBOARD,1,2,0.119
12.13,arm_climb,1,OFFBOARD,1,2,0.188
12.13,arm_climb,2,OFFBOARD,1,2,-0.002
12.13,arm_climb,3,OFFBOARD,1,2,0.167
12.33,arm_climb,1,OFFBOARD,1,2,0.286
12.33,arm_climb,2,OFFBOARD,1,2,0.11
12.33,arm_climb,3,OFFBOARD,1,2,0.277
12.53,arm_climb,1,OFFBOARD,1,2,0.435
12.53,arm_climb,2,OFFBOARD,1,2,0.241
12.53,arm_climb,3,OFFBOARD,1,2,0.428
12.73,arm_climb,1,OFFBOARD,1,2,0.606
12.73,arm_climb,2,OFFBOARD,1,2,0.421
12.73,arm_climb,3,OFFBOARD,1,2,0.607
12.93,arm_climb,1,OFFBOARD,1,2,0.787
12.93,arm_climb,2,OFFBOARD,1,2,0.609
12.93,arm_climb,3,OFFBOARD,1,2,0.795
13.14,arm_climb,1,OFFBOARD,1,2,0.976
13.14,arm_climb,2,OFFBOARD,1,2,0.806
13.14,arm_climb,3,OFFBOARD,1,2,0.988
13.34,arm_climb,1,OFFBOARD,1,2,1.138
13.34,arm_climb,2,OFFBOARD,1,2,0.977
13.34,arm_climb,3,OFFBOARD,1,2,1.114
13.54,arm_climb,1,OFFBOARD,1,2,1.323
13.54,arm_climb,2,OFFBOARD,1,2,1.165
13.54,arm_climb,3,OFFBOARD,1,2,1.262
13.74,arm_climb,1,OFFBOARD,1,2,1.538
13.74,arm_climb,2,OFFBOARD,1,2,1.369
13.74,arm_climb,3,OFFBOARD,1,2,1.442
13.94,arm_climb,1,OFFBOARD,1,2,1.773
13.94,arm_climb,2,OFFBOARD,1,2,1.595
13.94,arm_climb,3,OFFBOARD,1,2,1.657
14.14,arm_climb,1,OFFBOARD,1,2,2.004
14.14,arm_climb,2,OFFBOARD,1,2,1.83
14.14,arm_climb,3,OFFBOARD,1,2,1.894
14.34,arm_climb,1,OFFBOARD,1,2,2.236
14.34,arm_climb,2,OFFBOARD,1,2,2.069
14.34,arm_climb,3,OFFBOARD,1,2,2.155
14.54,arm_climb,1,OFFBOARD,1,2,2.479
14.54,arm_climb,2,OFFBOARD,1,2,2.312
14.54,arm_climb,3,OFFBOARD,1,2,2.426
14.74,arm_climb,1,OFFBOARD,1,2,2.728
14.74,arm_climb,2,OFFBOARD,1,2,2.514
14.74,arm_climb,3,OFFBOARD,1,2,2.703
14.94,arm_climb,1,OFFBOARD,1,2,2.988
14.94,arm_climb,2,OFFBOARD,1,2,2.755
14.94,arm_climb,3,OFFBOARD,1,2,2.978
15.14,arm_climb,1,OFFBOARD,1,2,3.242
15.14,arm_climb,2,OFFBOARD,1,2,3.001
15.14,arm_climb,3,OFFBOARD,1,2,3.253
15.34,arm_climb,1,OFFBOARD,1,2,3.451
15.34,arm_climb,2,OFFBOARD,1,2,3.26
15.34,arm_climb,3,OFFBOARD,1,2,3.54
15.54,arm_climb,1,OFFBOARD,1,2,3.701
15.54,arm_climb,2,OFFBOARD,1,2,3.527
15.54,arm_climb,3,OFFBOARD,1,2,3.768
15.74,arm_climb,1,OFFBOARD,1,2,3.955
15.74,arm_climb,2,OFFBOARD,1,2,3.797
15.74,arm_climb,3,OFFBOARD,1,2,4.065
15.94,arm_climb,1,OFFBOARD,1,2,4.216
15.94,arm_climb,2,OFFBOARD,1,2,4.068
15.94,arm_climb,3,OFFBOARD,1,2,4.332
16.14,arm_climb,1,OFFBOARD,1,2,4.489
16.14,arm_climb,2,OFFBOARD,1,2,4.329
16.14,arm_climb,3,OFFBOARD,1,2,4.604
16.34,arm_climb,1,OFFBOARD,1,2,4.783
16.34,arm_climb,2,OFFBOARD,1,2,4.593
16.34,arm_climb,3,OFFBOARD,1,2,4.874
16.54,arm_climb,1,OFFBOARD,1,2,5.077
16.54,arm_climb,2,OFFBOARD,1,2,4.861
16.54,arm_climb,3,OFFBOARD,1,2,5.155
16.75,arm_climb,1,OFFBOARD,1,2,5.358
16.75,arm_climb,2,OFFBOARD,1,2,5.076
16.75,arm_climb,3,OFFBOARD,1,2,5.438
16.95,arm_climb,1,OFFBOARD,1,2,5.629
16.95,arm_climb,2,OFFBOARD,1,2,5.353
16.95,arm_climb,3,OFFBOARD,1,2,5.729
17.15,arm_climb,1,OFFBOARD,1,2,5.912
17.15,arm_climb,2,OFFBOARD,1,2,5.649
17.15,arm_climb,3,OFFBOARD,1,2,6.012
17.35,arm_climb,1,OFFBOARD,1,2,6.193
17.35,arm_climb,2,OFFBOARD,1,2,5.957
17.35,arm_climb,3,OFFBOARD,1,2,6.288
17.55,arm_climb,1,OFFBOARD,1,2,6.477
17.55,arm_climb,2,OFFBOARD,1,2,6.268
17.55,arm_climb,3,OFFBOARD,1,2,6.567
17.75,arm_climb,1,OFFBOARD,1,2,6.719
17.75,arm_climb,2,OFFBOARD,1,2,6.554
17.75,arm_climb,3,OFFBOARD,1,2,6.8
17.95,arm_climb,1,OFFBOARD,1,2,7.007
17.95,arm_climb,2,OFFBOARD,1,2,6.848
17.95,arm_climb,3,OFFBOARD,1,2,7.081
18.15,arm_climb,1,OFFBOARD,1,2,7.292
18.15,arm_climb,2,OFFBOARD,1,2,7.151
18.15,arm_climb,3,OFFBOARD,1,2,7.368
18.35,arm_climb,1,OFFBOARD,1,2,7.582
18.35,arm_climb,2,OFFBOARD,1,2,7.446
18.35,arm_climb,3,OFFBOARD,1,2,7.667
18.55,arm_climb,1,OFFBOARD,1,2,7.884
18.55,arm_climb,2,OFFBOARD,1,2,7.733
18.55,arm_climb,3,OFFBOARD,1,2,7.962
18.75,arm_climb,1,OFFBOARD,1,2,8.176
18.75,arm_climb,2,OFFBOARD,1,2,8.031
18.75,arm_climb,3,OFFBOARD,1,2,8.242
18.95,arm_climb,1,OFFBOARD,1,2,8.471
18.95,arm_climb,2,OFFBOARD,1,2,8.327
18.95,arm_climb,3,OFFBOARD,1,2,8.515
19.15,arm_climb,1,OFFBOARD,1,2,8.771
19.15,arm_climb,2,OFFBOARD,1,2,8.623
19.15,arm_climb,3,OFFBOARD,1,2,8.805
19.36,arm_climb,1,OFFBOARD,1,2,9.065
19.36,arm_climb,2,OFFBOARD,1,2,8.871
19.36,arm_climb,3,OFFBOARD,1,2,9.078
19.56,arm_climb,1,OFFBOARD,1,2,9.312
19.56,arm_climb,2,OFFBOARD,1,2,9.139
19.56,arm_climb,3,OFFBOARD,1,2,9.314
19.76,arm_climb,1,OFFBOARD,1,2,9.514
19.76,arm_climb,2,OFFBOARD,1,2,9.365
19.76,arm_climb,3,OFFBOARD,1,2,9.509
19.96,arm_climb,1,OFFBOARD,1,2,9.644
19.96,arm_climb,2,OFFBOARD,1,2,9.548
19.96,arm_climb,3,OFFBOARD,1,2,9.639
20.16,arm_climb,1,OFFBOARD,1,2,9.76
20.16,arm_climb,2,OFFBOARD,1,2,9.692
20.16,arm_climb,3,OFFBOARD,1,2,9.757
20.36,hover,1,OFFBOARD,1,2,9.857
20.36,hover,2,OFFBOARD,1,2,9.796
20.36,hover,3,OFFBOARD,1,2,9.847
20.56,hover,1,OFFBOARD,1,2,9.927
20.56,hover,2,OFFBOARD,1,2,9.865
20.56,hover,3,OFFBOARD,1,2,9.928
20.76,hover,1,OFFBOARD,1,2,9.972
20.76,hover,2,OFFBOARD,1,2,9.914
20.76,hover,3,OFFBOARD,1,2,9.981
20.96,hover,1,OFFBOARD,1,2,9.999
20.96,hover,2,OFFBOARD,1,2,9.946
20.96,hover,3,OFFBOARD,1,2,10.018
21.16,hover,1,OFFBOARD,1,2,10.01
21.16,hover,2,OFFBOARD,1,2,9.953
21.16,hover,3,OFFBOARD,1,2,10.049
21.36,hover,1,OFFBOARD,1,2,10.012
21.36,hover,2,OFFBOARD,1,2,9.952
21.36,hover,3,OFFBOARD,1,2,10.08
21.56,hover,1,OFFBOARD,1,2,10.009
21.56,hover,2,OFFBOARD,1,2,9.952
21.56,hover,3,OFFBOARD,1,2,10.094
21.76,hover,1,OFFBOARD,1,2,10.017
21.76,hover,2,OFFBOARD,1,2,9.951
21.76,hover,3,OFFBOARD,1,2,10.103
21.96,hover,1,OFFBOARD,1,2,10.013
21.96,hover,2,OFFBOARD,1,2,9.947
21.96,hover,3,OFFBOARD,1,2,10.108
22.17,hover,1,OFFBOARD,1,2,10.011
22.17,hover,2,OFFBOARD,1,2,9.942
22.17,hover,3,OFFBOARD,1,2,10.108
22.37,hover,1,OFFBOARD,1,2,10.011
22.37,hover,2,OFFBOARD,1,2,9.936
22.37,hover,3,OFFBOARD,1,2,10.112
22.57,hover,1,OFFBOARD,1,2,10.013
22.57,hover,2,OFFBOARD,1,2,9.937
22.57,hover,3,OFFBOARD,1,2,10.109
22.77,hover,1,OFFBOARD,1,2,10.025
22.77,hover,2,OFFBOARD,1,2,9.951
22.77,hover,3,OFFBOARD,1,2,10.093
22.97,hover,1,OFFBOARD,1,2,10.032
22.97,hover,2,OFFBOARD,1,2,9.964
22.97,hover,3,OFFBOARD,1,2,10.077
23.17,hover,1,OFFBOARD,1,2,10.04
23.17,hover,2,OFFBOARD,1,2,9.98
23.17,hover,3,OFFBOARD,1,2,10.057
23.37,hover,1,OFFBOARD,1,2,10.046
23.37,hover,2,OFFBOARD,1,2,10.002
23.37,hover,3,OFFBOARD,1,2,10.035
23.57,hover,1,OFFBOARD,1,2,10.052
23.57,hover,2,OFFBOARD,1,2,10.025
23.57,hover,3,OFFBOARD,1,2,10.015
23.77,hover,1,OFFBOARD,1,2,10.053
23.77,hover,2,OFFBOARD,1,2,10.047
23.77,hover,3,OFFBOARD,1,2,10.01
23.97,hover,1,OFFBOARD,1,2,10.05
23.97,hover,2,OFFBOARD,1,2,10.059
23.97,hover,3,OFFBOARD,1,2,9.997
24.17,hover,1,OFFBOARD,1,2,10.041
24.17,hover,2,OFFBOARD,1,2,10.063
24.17,hover,3,OFFBOARD,1,2,9.991
24.37,hover,1,OFFBOARD,1,2,10.033
24.37,hover,2,OFFBOARD,1,2,10.066
24.37,hover,3,OFFBOARD,1,2,9.996
24.57,hover,1,OFFBOARD,1,2,10.028
24.57,hover,2,OFFBOARD,1,2,10.074
24.57,hover,3,OFFBOARD,1,2,9.995
24.77,hover,1,OFFBOARD,1,2,10.02
24.77,hover,2,OFFBOARD,1,2,10.089
24.77,hover,3,OFFBOARD,1,2,9.996
24.97,hover,1,OFFBOARD,1,2,10.026
24.97,hover,2,OFFBOARD,1,2,10.113
24.97,hover,3,OFFBOARD,1,2,10.0
25.17,hover,1,OFFBOARD,1,2,10.026
25.17,hover,2,OFFBOARD,1,2,10.141
25.17,hover,3,OFFBOARD,1,2,10.011
25.37,hover,1,OFFBOARD,1,2,10.018
25.37,hover,2,OFFBOARD,1,2,10.165
25.37,hover,3,OFFBOARD,1,2,10.022
25.58,hover,1,OFFBOARD,1,2,10.012
25.58,hover,2,OFFBOARD,1,2,10.185
25.58,hover,3,OFFBOARD,1,2,10.033
25.78,hover,1,OFFBOARD,1,2,10.006
25.78,hover,2,OFFBOARD,1,2,10.204
25.78,hover,3,OFFBOARD,1,2,10.042
25.98,hover,1,OFFBOARD,1,2,9.993
25.98,hover,2,OFFBOARD,1,2,10.208
25.98,hover,3,OFFBOARD,1,2,10.048
26.18,hover,1,OFFBOARD,1,2,9.982
26.18,hover,2,OFFBOARD,1,2,10.203
26.18,hover,3,OFFBOARD,1,2,10.047
26.38,hover,1,OFFBOARD,1,2,9.965
26.38,hover,2,OFFBOARD,1,2,10.2
26.38,hover,3,OFFBOARD,1,2,10.046
26.58,hover,1,OFFBOARD,1,2,9.952
26.58,hover,2,OFFBOARD,1,2,10.199
26.58,hover,3,OFFBOARD,1,2,10.046
26.78,hover,1,OFFBOARD,1,2,9.95
26.78,hover,2,OFFBOARD,1,2,10.202
26.78,hover,3,OFFBOARD,1,2,10.043
26.98,hover,1,OFFBOARD,1,2,9.951
26.98,hover,2,OFFBOARD,1,2,10.2
26.98,hover,3,OFFBOARD,1,2,10.051
27.18,hover,1,OFFBOARD,1,2,9.955
27.18,hover,2,OFFBOARD,1,2,10.199
27.18,hover,3,OFFBOARD,1,2,10.056
27.38,hover,1,OFFBOARD,1,2,9.961
27.38,hover,2,OFFBOARD,1,2,10.195
27.38,hover,3,OFFBOARD,1,2,10.053
27.58,hover,1,OFFBOARD,1,2,9.973
27.58,hover,2,OFFBOARD,1,2,10.192
27.58,hover,3,OFFBOARD,1,2,10.056
27.78,hover,1,OFFBOARD,1,2,9.987
27.78,hover,2,OFFBOARD,1,2,10.178
27.78,hover,3,OFFBOARD,1,2,10.055
27.98,hover,1,OFFBOARD,1,2,9.997
27.98,hover,2,OFFBOARD,1,2,10.156
27.98,hover,3,OFFBOARD,1,2,10.049
28.18,hover,1,OFFBOARD,1,2,10.0
28.18,hover,2,OFFBOARD,1,2,10.131
28.18,hover,3,OFFBOARD,1,2,10.04
28.39,hover,1,OFFBOARD,1,2,9.984
28.39,hover,2,OFFBOARD,1,2,10.11
28.39,hover,3,OFFBOARD,1,2,10.017
28.59,hover,1,OFFBOARD,1,2,9.965
28.59,hover,2,OFFBOARD,1,2,10.096
28.59,hover,3,OFFBOARD,1,2,9.996
28.79,hover,1,OFFBOARD,1,2,9.942
28.79,hover,2,OFFBOARD,1,2,10.096
28.79,hover,3,OFFBOARD,1,2,9.992
28.99,hover,1,OFFBOARD,1,2,9.928
28.99,hover,2,OFFBOARD,1,2,10.105
28.99,hover,3,OFFBOARD,1,2,9.979
29.19,hover,1,OFFBOARD,1,2,9.913
29.19,hover,2,OFFBOARD,1,2,10.111
29.19,hover,3,OFFBOARD,1,2,9.971
29.39,hover,1,OFFBOARD,1,2,9.914
29.39,hover,2,OFFBOARD,1,2,10.109
29.39,hover,3,OFFBOARD,1,2,9.96
29.59,hover,1,OFFBOARD,1,2,9.926
29.59,hover,2,OFFBOARD,1,2,10.101
29.59,hover,3,OFFBOARD,1,2,9.954
29.79,hover,1,OFFBOARD,1,2,9.933
29.79,hover,2,OFFBOARD,1,2,10.099
29.79,hover,3,OFFBOARD,1,2,9.95
29.99,hover,1,OFFBOARD,1,2,9.93
29.99,hover,2,OFFBOARD,1,2,10.098
29.99,hover,3,OFFBOARD,1,2,9.944
30.19,hover,1,OFFBOARD,1,2,9.93
30.19,hover,2,OFFBOARD,1,2,10.097
30.19,hover,3,OFFBOARD,1,2,9.934
30.39,hover,1,OFFBOARD,1,2,9.925
30.39,hover,2,OFFBOARD,1,2,10.096
30.39,hover,3,OFFBOARD,1,2,9.911
30.59,hover,1,OFFBOARD,1,2,9.921
30.59,hover,2,OFFBOARD,1,2,10.079
30.59,hover,3,OFFBOARD,1,2,9.889
30.79,hover,1,OFFBOARD,1,2,9.917
30.79,hover,2,OFFBOARD,1,2,10.064
30.79,hover,3,OFFBOARD,1,2,9.868
31.0,hover,1,OFFBOARD,1,2,9.921
31.0,hover,2,OFFBOARD,1,2,10.055
31.0,hover,3,OFFBOARD,1,2,9.852
31.2,hover,1,OFFBOARD,1,2,9.92
31.2,hover,2,OFFBOARD,1,2,10.04
31.2,hover,3,OFFBOARD,1,2,9.836
31.4,hover,1,OFFBOARD,1,2,9.913
31.4,hover,2,OFFBOARD,1,2,10.025
31.4,hover,3,OFFBOARD,1,2,9.837
31.6,hover,1,OFFBOARD,1,2,9.906
31.6,hover,2,OFFBOARD,1,2,10.015
31.6,hover,3,OFFBOARD,1,2,9.848
31.8,hover,1,OFFBOARD,1,2,9.903
31.8,hover,2,OFFBOARD,1,2,10.002
31.8,hover,3,OFFBOARD,1,2,9.858
32.0,hover,1,OFFBOARD,1,2,9.899
32.0,hover,2,OFFBOARD,1,2,9.985
32.0,hover,3,OFFBOARD,1,2,9.858
32.2,hover,1,OFFBOARD,1,2,9.892
32.2,hover,2,OFFBOARD,1,2,9.971
32.2,hover,3,OFFBOARD,1,2,9.858
32.4,hover,1,OFFBOARD,1,2,9.892
32.4,hover,2,OFFBOARD,1,2,9.948
32.4,hover,3,OFFBOARD,1,2,9.86
32.6,hover,1,OFFBOARD,1,2,9.907
32.6,hover,2,OFFBOARD,1,2,9.92
32.6,hover,3,OFFBOARD,1,2,9.855
32.8,hover,1,OFFBOARD,1,2,9.916
32.8,hover,2,OFFBOARD,1,2,9.901
32.8,hover,3,OFFBOARD,1,2,9.844
33.0,hover,1,OFFBOARD,1,2,9.915
33.0,hover,2,OFFBOARD,1,2,9.88
33.0,hover,3,OFFBOARD,1,2,9.837
33.2,hover,1,OFFBOARD,1,2,9.91
33.2,hover,2,OFFBOARD,1,2,9.856
33.2,hover,3,OFFBOARD,1,2,9.817
33.41,hover,1,OFFBOARD,1,2,9.903
33.41,hover,2,OFFBOARD,1,2,9.832
33.41,hover,3,OFFBOARD,1,2,9.803
33.61,hover,1,OFFBOARD,1,2,9.906
33.61,hover,2,OFFBOARD,1,2,9.819
33.61,hover,3,OFFBOARD,1,2,9.795
33.81,hover,1,OFFBOARD,1,2,9.91
33.81,hover,2,OFFBOARD,1,2,9.797
33.81,hover,3,OFFBOARD,1,2,9.795
34.01,hover,1,OFFBOARD,1,2,9.913
34.01,hover,2,OFFBOARD,1,2,9.786
34.01,hover,3,OFFBOARD,1,2,9.796
34.21,hover,1,OFFBOARD,1,2,9.902
34.21,hover,2,OFFBOARD,1,2,9.782
34.21,hover,3,OFFBOARD,1,2,9.795
34.41,hover,1,OFFBOARD,1,2,9.905
34.41,hover,2,OFFBOARD,1,2,9.775
34.41,hover,3,OFFBOARD,1,2,9.799
34.61,hover,1,OFFBOARD,1,2,9.912
34.61,hover,2,OFFBOARD,1,2,9.781
34.61,hover,3,OFFBOARD,1,2,9.817
34.81,hover,1,OFFBOARD,1,2,9.911
34.81,hover,2,OFFBOARD,1,2,9.792
34.81,hover,3,OFFBOARD,1,2,9.833
35.01,hover,1,OFFBOARD,1,2,9.922
35.01,hover,2,OFFBOARD,1,2,9.803
35.01,hover,3,OFFBOARD,1,2,9.838
35.21,hover,1,OFFBOARD,1,2,9.934
35.21,hover,2,OFFBOARD,1,2,9.807
35.21,hover,3,OFFBOARD,1,2,9.844
35.41,hover,1,OFFBOARD,1,2,9.947
35.41,hover,2,OFFBOARD,1,2,9.801
35.41,hover,3,OFFBOARD,1,2,9.839
35.61,hover,1,OFFBOARD,1,2,9.955
35.61,hover,2,OFFBOARD,1,2,9.779
35.61,hover,3,OFFBOARD,1,2,9.839
35.81,hover,1,OFFBOARD,1,2,9.962
35.81,hover,2,OFFBOARD,1,2,9.765
35.81,hover,3,OFFBOARD,1,2,9.839
36.02,hover,1,OFFBOARD,1,2,9.958
36.02,hover,2,OFFBOARD,1,2,9.759
36.02,hover,3,OFFBOARD,1,2,9.841
36.22,hover,1,OFFBOARD,1,2,9.958
36.22,hover,2,OFFBOARD,1,2,9.761
36.22,hover,3,OFFBOARD,1,2,9.83
36.42,hover,1,OFFBOARD,1,2,9.962
36.42,hover,2,OFFBOARD,1,2,9.766
36.42,hover,3,OFFBOARD,1,2,9.832
36.62,hover,1,OFFBOARD,1,2,9.963
36.62,hover,2,OFFBOARD,1,2,9.774
36.62,hover,3,OFFBOARD,1,2,9.838
36.82,hover,1,OFFBOARD,1,2,9.963
36.82,hover,2,OFFBOARD,1,2,9.785
36.82,hover,3,OFFBOARD,1,2,9.838
37.02,hover,1,OFFBOARD,1,2,9.954
37.02,hover,2,OFFBOARD,1,2,9.798
37.02,hover,3,OFFBOARD,1,2,9.848
37.22,hover,1,OFFBOARD,1,2,9.953
37.22,hover,2,OFFBOARD,1,2,9.821
37.22,hover,3,OFFBOARD,1,2,9.862
37.42,hover,1,OFFBOARD,1,2,9.947
37.42,hover,2,OFFBOARD,1,2,9.842
37.42,hover,3,OFFBOARD,1,2,9.876
37.62,hover,1,OFFBOARD,1,2,9.933
37.62,hover,2,OFFBOARD,1,2,9.857
37.62,hover,3,OFFBOARD,1,2,9.885
37.82,hover,1,OFFBOARD,1,2,9.925
37.82,hover,2,OFFBOARD,1,2,9.863
37.82,hover,3,OFFBOARD,1,2,9.895
38.02,hover,1,OFFBOARD,1,2,9.923
38.02,hover,2,OFFBOARD,1,2,9.869
38.02,hover,3,OFFBOARD,1,2,9.893
38.22,hover,1,OFFBOARD,1,2,9.916
38.22,hover,2,OFFBOARD,1,2,9.873
38.22,hover,3,OFFBOARD,1,2,9.895
38.42,hover,1,OFFBOARD,1,2,9.921
38.42,hover,2,OFFBOARD,1,2,9.867
38.42,hover,3,OFFBOARD,1,2,9.899
38.62,hover,1,OFFBOARD,1,2,9.932
38.62,hover,2,OFFBOARD,1,2,9.865
38.62,hover,3,OFFBOARD,1,2,9.897
38.82,hover,1,OFFBOARD,1,2,9.94
38.82,hover,2,OFFBOARD,1,2,9.869
38.82,hover,3,OFFBOARD,1,2,9.891
39.02,hover,1,OFFBOARD,1,2,9.943
39.02,hover,2,OFFBOARD,1,2,9.88
39.02,hover,3,OFFBOARD,1,2,9.879
39.23,hover,1,OFFBOARD,1,2,9.941
39.23,hover,2,OFFBOARD,1,2,9.894
39.23,hover,3,OFFBOARD,1,2,9.888
39.43,hover,1,OFFBOARD,1,2,9.943
39.43,hover,2,OFFBOARD,1,2,9.914
39.43,hover,3,OFFBOARD,1,2,9.891
39.63,hover,1,OFFBOARD,1,2,9.942
39.63,hover,2,OFFBOARD,1,2,9.926
39.63,hover,3,OFFBOARD,1,2,9.891
39.83,hover,1,OFFBOARD,1,2,9.957
39.83,hover,2,OFFBOARD,1,2,9.926
39.83,hover,3,OFFBOARD,1,2,9.889
40.03,hover,1,OFFBOARD,1,2,9.965
40.03,hover,2,OFFBOARD,1,2,9.926
40.03,hover,3,OFFBOARD,1,2,9.878
40.23,hover,1,OFFBOARD,1,2,9.971
40.23,hover,2,OFFBOARD,1,2,9.924
40.23,hover,3,OFFBOARD,1,2,9.867
40.43,hover,1,OFFBOARD,1,2,9.977
40.43,hover,2,OFFBOARD,1,2,9.928
40.43,hover,3,OFFBOARD,1,2,9.856
40.63,hover,1,OFFBOARD,1,2,9.975
40.63,hover,2,OFFBOARD,1,2,9.948
40.63,hover,3,OFFBOARD,1,2,9.85
40.83,hover,1,OFFBOARD,1,2,9.973
40.83,hover,2,OFFBOARD,1,2,9.955
40.83,hover,3,OFFBOARD,1,2,9.843
41.03,hover,1,OFFBOARD,1,2,9.986
41.03,hover,2,OFFBOARD,1,2,9.962
41.03,hover,3,OFFBOARD,1,2,9.844
41.23,hover,1,OFFBOARD,1,2,9.995
41.23,hover,2,OFFBOARD,1,2,9.973
41.23,hover,3,OFFBOARD,1,2,9.856
41.43,hover,1,OFFBOARD,1,2,9.992
41.43,hover,2,OFFBOARD,1,2,9.989
41.43,hover,3,OFFBOARD,1,2,9.87
41.63,hover,1,OFFBOARD,1,2,9.993
41.63,hover,2,OFFBOARD,1,2,9.995
41.63,hover,3,OFFBOARD,1,2,9.883
41.83,hover,1,OFFBOARD,1,2,9.996
41.83,hover,2,OFFBOARD,1,2,9.994
41.83,hover,3,OFFBOARD,1,2,9.893
42.03,hover,1,OFFBOARD,1,2,9.996
42.03,hover,2,OFFBOARD,1,2,9.978
42.03,hover,3,OFFBOARD,1,2,9.92
42.24,hover,1,OFFBOARD,1,2,9.997
42.24,hover,2,OFFBOARD,1,2,9.96
42.24,hover,3,OFFBOARD,1,2,9.938
42.44,hover,1,OFFBOARD,1,2,9.989
42.44,hover,2,OFFBOARD,1,2,9.951
42.44,hover,3,OFFBOARD,1,2,9.965
42.64,hover,1,OFFBOARD,1,2,9.978
42.64,hover,2,OFFBOARD,1,2,9.944
42.64,hover,3,OFFBOARD,1,2,9.984
42.84,hover,1,OFFBOARD,1,2,9.976
42.84,hover,2,OFFBOARD,1,2,9.941
42.84,hover,3,OFFBOARD,1,2,9.983
43.04,hover,1,OFFBOARD,1,2,9.964
43.04,hover,2,OFFBOARD,1,2,9.933
43.04,hover,3,OFFBOARD,1,2,9.978
43.24,hover,1,OFFBOARD,1,2,9.957
43.24,hover,2,OFFBOARD,1,2,9.922
43.24,hover,3,OFFBOARD,1,2,9.972
43.44,hover,1,OFFBOARD,1,2,9.955
43.44,hover,2,OFFBOARD,1,2,9.918
43.44,hover,3,OFFBOARD,1,2,9.959
43.64,hover,1,OFFBOARD,1,2,9.946
43.64,hover,2,OFFBOARD,1,2,9.919
43.64,hover,3,OFFBOARD,1,2,9.951
43.84,hover,1,OFFBOARD,1,2,9.927
43.84,hover,2,OFFBOARD,1,2,9.906
43.84,hover,3,OFFBOARD,1,2,9.953
44.04,hover,1,OFFBOARD,1,2,9.915
44.04,hover,2,OFFBOARD,1,2,9.909
44.04,hover,3,OFFBOARD,1,2,9.964
44.24,hover,1,OFFBOARD,1,2,9.909
44.24,hover,2,OFFBOARD,1,2,9.922
44.24,hover,3,OFFBOARD,1,2,9.974
44.44,hover,1,OFFBOARD,1,2,9.903
44.44,hover,2,OFFBOARD,1,2,9.935
44.44,hover,3,OFFBOARD,1,2,9.98
44.64,hover,1,OFFBOARD,1,2,9.892
44.64,hover,2,OFFBOARD,1,2,9.944
44.64,hover,3,OFFBOARD,1,2,9.985
44.84,hover,1,OFFBOARD,1,2,9.893
44.84,hover,2,OFFBOARD,1,2,9.948
44.84,hover,3,OFFBOARD,1,2,9.998
45.04,hover,1,OFFBOARD,1,2,9.894
45.04,hover,2,OFFBOARD,1,2,9.95
45.04,hover,3,OFFBOARD,1,2,10.002
45.25,hover,1,OFFBOARD,1,2,9.913
45.25,hover,2,OFFBOARD,1,2,9.954
45.25,hover,3,OFFBOARD,1,2,10.006
45.45,hover,1,OFFBOARD,1,2,9.933
45.45,hover,2,OFFBOARD,1,2,9.968
45.45,hover,3,OFFBOARD,1,2,10.022
45.65,hover,1,OFFBOARD,1,2,9.954
45.65,hover,2,OFFBOARD,1,2,9.985
45.65,hover,3,OFFBOARD,1,2,10.037
45.85,hover,1,OFFBOARD,1,2,9.967
45.85,hover,2,OFFBOARD,1,2,10.003
45.85,hover,3,OFFBOARD,1,2,10.047
46.05,hover,1,OFFBOARD,1,2,9.976
46.05,hover,2,OFFBOARD,1,2,10.017
46.05,hover,3,OFFBOARD,1,2,10.056
46.25,hover,1,OFFBOARD,1,2,9.986
46.25,hover,2,OFFBOARD,1,2,10.034
46.25,hover,3,OFFBOARD,1,2,10.076
46.45,hover,1,OFFBOARD,1,2,10.006
46.45,hover,2,OFFBOARD,1,2,10.044
46.45,hover,3,OFFBOARD,1,2,10.087
46.65,hover,1,OFFBOARD,1,2,10.02
46.65,hover,2,OFFBOARD,1,2,10.046
46.65,hover,3,OFFBOARD,1,2,10.081
46.85,hover,1,OFFBOARD,1,2,10.014
46.85,hover,2,OFFBOARD,1,2,10.05
46.85,hover,3,OFFBOARD,1,2,10.074
47.05,hover,1,OFFBOARD,1,2,10.01
47.05,hover,2,OFFBOARD,1,2,10.059
47.05,hover,3,OFFBOARD,1,2,10.068
47.25,hover,1,OFFBOARD,1,2,10.006
47.25,hover,2,OFFBOARD,1,2,10.059
47.25,hover,3,OFFBOARD,1,2,10.068
47.46,hover,1,OFFBOARD,1,2,10.016
47.46,hover,2,OFFBOARD,1,2,10.064
47.46,hover,3,OFFBOARD,1,2,10.067
47.66,hover,1,OFFBOARD,1,2,10.016
47.66,hover,2,OFFBOARD,1,2,10.068
47.66,hover,3,OFFBOARD,1,2,10.066
47.86,hover,1,OFFBOARD,1,2,10.003
47.86,hover,2,OFFBOARD,1,2,10.078
47.86,hover,3,OFFBOARD,1,2,10.069
48.06,hover,1,OFFBOARD,1,2,9.986
48.06,hover,2,OFFBOARD,1,2,10.089
48.06,hover,3,OFFBOARD,1,2,10.078
48.26,hover,1,OFFBOARD,1,2,9.971
48.26,hover,2,OFFBOARD,1,2,10.089
48.26,hover,3,OFFBOARD,1,2,10.093
48.46,hover,1,OFFBOARD,1,2,9.966
48.46,hover,2,OFFBOARD,1,2,10.087
48.46,hover,3,OFFBOARD,1,2,10.101
48.66,hover,1,OFFBOARD,1,2,9.958
48.66,hover,2,OFFBOARD,1,2,10.074
48.66,hover,3,OFFBOARD,1,2,10.103
48.86,hover,1,OFFBOARD,1,2,9.949
48.86,hover,2,OFFBOARD,1,2,10.059
48.86,hover,3,OFFBOARD,1,2,10.106
49.06,hover,1,OFFBOARD,1,2,9.944
49.06,hover,2,OFFBOARD,1,2,10.045
49.06,hover,3,OFFBOARD,1,2,10.104
49.26,hover,1,OFFBOARD,1,2,9.94
49.26,hover,2,OFFBOARD,1,2,10.043
49.26,hover,3,OFFBOARD,1,2,10.103
49.46,hover,1,OFFBOARD,1,2,9.945
49.46,hover,2,OFFBOARD,1,2,10.056
49.46,hover,3,OFFBOARD,1,2,10.106
49.66,hover,1,OFFBOARD,1,2,9.964
49.66,hover,2,OFFBOARD,1,2,10.065
49.66,hover,3,OFFBOARD,1,2,10.12
49.86,hover,1,OFFBOARD,1,2,9.974
49.86,hover,2,OFFBOARD,1,2,10.073
49.86,hover,3,OFFBOARD,1,2,10.129
50.06,hover,1,OFFBOARD,1,2,9.993
50.06,hover,2,OFFBOARD,1,2,10.084
50.06,hover,3,OFFBOARD,1,2,10.123
50.27,land,1,OFFBOARD,1,2,10.02
50.27,land,2,OFFBOARD,1,2,10.076
50.27,land,3,OFFBOARD,1,2,10.118
50.47,land,1,OFFBOARD,1,4,10.042
50.47,land,2,OFFBOARD,1,4,10.062
50.47,land,3,OFFBOARD,1,4,10.096
50.67,land,1,OFFBOARD,1,4,10.046
50.67,land,2,OFFBOARD,1,4,9.996
50.67,land,3,OFFBOARD,1,4,10.036
50.87,land,1,OFFBOARD,1,4,9.994
50.87,land,2,OFFBOARD,1,4,9.848
50.87,land,3,OFFBOARD,1,4,9.891
51.07,land,1,OFFBOARD,1,4,9.898
51.07,land,2,OFFBOARD,1,4,9.622
51.07,land,3,OFFBOARD,1,4,9.683
51.27,land,1,AUTO.LAND,1,4,9.758
51.27,land,2,AUTO.LAND,1,4,9.355
51.27,land,3,AUTO.LAND,1,4,9.435
51.47,land,1,AUTO.LAND,1,4,9.606
51.47,land,2,AUTO.LAND,1,4,9.09
51.47,land,3,AUTO.LAND,1,4,9.169
51.67,land,1,AUTO.LAND,1,4,9.396
51.67,land,2,AUTO.LAND,1,4,8.839
51.67,land,3,AUTO.LAND,1,4,8.915
51.87,land,1,AUTO.LAND,1,4,9.155
51.87,land,2,AUTO.LAND,1,4,8.601
51.87,land,3,AUTO.LAND,1,4,8.68
52.07,land,1,AUTO.LAND,1,4,8.906
52.07,land,2,AUTO.LAND,1,4,8.37
52.07,land,3,AUTO.LAND,1,4,8.44
52.27,land,1,AUTO.LAND,1,4,8.67
52.27,land,2,AUTO.LAND,1,4,8.128
52.27,land,3,AUTO.LAND,1,4,8.201
52.48,land,1,AUTO.LAND,1,4,8.438
52.48,land,2,AUTO.LAND,1,4,7.895
52.48,land,3,AUTO.LAND,1,4,7.963
52.68,land,1,AUTO.LAND,1,4,8.198
52.68,land,2,AUTO.LAND,1,4,7.678
52.68,land,3,AUTO.LAND,1,4,7.735
52.88,land,1,AUTO.LAND,1,4,7.96
52.88,land,2,AUTO.LAND,1,4,7.498
52.88,land,3,AUTO.LAND,1,4,7.544
53.08,land,1,AUTO.LAND,1,4,7.733
53.08,land,2,AUTO.LAND,1,4,7.283
53.08,land,3,AUTO.LAND,1,4,7.318
53.28,land,1,AUTO.LAND,1,4,7.511
53.28,land,2,AUTO.LAND,1,4,7.06
53.28,land,3,AUTO.LAND,1,4,7.104
53.48,land,1,AUTO.LAND,1,4,7.334
53.48,land,2,AUTO.LAND,1,4,6.846
53.48,land,3,AUTO.LAND,1,4,6.903
53.68,land,1,AUTO.LAND,1,4,7.14
53.68,land,2,AUTO.LAND,1,4,6.643
53.68,land,3,AUTO.LAND,1,4,6.715
53.88,land,1,AUTO.LAND,1,4,6.944
53.88,land,2,AUTO.LAND,1,4,6.449
53.88,land,3,AUTO.LAND,1,4,6.527
54.08,land,1,AUTO.LAND,1,4,6.734
54.08,land,2,AUTO.LAND,1,4,6.261
54.08,land,3,AUTO.LAND,1,4,6.338
54.28,land,1,AUTO.LAND,1,4,6.539
54.28,land,2,AUTO.LAND,1,4,6.08
54.28,land,3,AUTO.LAND,1,4,6.158
54.48,land,1,AUTO.LAND,1,4,6.345
54.48,land,2,AUTO.LAND,1,4,5.903
54.48,land,3,AUTO.LAND,1,4,5.987
54.68,land,1,AUTO.LAND,1,4,6.158
54.68,land,2,AUTO.LAND,1,4,5.73
54.68,land,3,AUTO.LAND,1,4,5.812
54.88,land,1,AUTO.LAND,1,4,5.978
54.88,land,2,AUTO.LAND,1,4,5.554
54.88,land,3,AUTO.LAND,1,4,5.668
55.09,land,1,AUTO.LAND,1,4,5.8
55.09,land,2,AUTO.LAND,1,4,5.413
55.09,land,3,AUTO.LAND,1,4,5.5
55.29,land,1,AUTO.LAND,1,4,5.625
55.29,land,2,AUTO.LAND,1,4,5.248
55.29,land,3,AUTO.LAND,1,4,5.343
55.49,land,1,AUTO.LAND,1,4,5.45
55.49,land,2,AUTO.LAND,1,4,5.087
55.49,land,3,AUTO.LAND,1,4,5.199
55.69,land,1,AUTO.LAND,1,4,5.314
55.69,land,2,AUTO.LAND,1,4,4.926
55.69,land,3,AUTO.LAND,1,4,5.05
55.89,land,1,AUTO.LAND,1,4,5.162
55.89,land,2,AUTO.LAND,1,4,4.768
55.89,land,3,AUTO.LAND,1,4,4.909
56.09,land,1,AUTO.LAND,1,4,5.019
56.09,land,2,AUTO.LAND,1,4,4.618
56.09,land,3,AUTO.LAND,1,4,4.776
56.29,land,1,AUTO.LAND,1,4,4.866
56.29,land,2,AUTO.LAND,1,4,4.478
56.29,land,3,AUTO.LAND,1,4,4.646
56.49,land,1,AUTO.LAND,1,4,4.717
56.49,land,2,AUTO.LAND,1,4,4.346
56.49,land,3,AUTO.LAND,1,4,4.519
56.69,land,1,AUTO.LAND,1,4,4.583
56.69,land,2,AUTO.LAND,1,4,4.215
56.69,land,3,AUTO.LAND,1,4,4.389
56.89,land,1,AUTO.LAND,1,4,4.442
56.89,land,2,AUTO.LAND,1,4,4.105
56.89,land,3,AUTO.LAND,1,4,4.261
57.09,land,1,AUTO.LAND,1,4,4.303
57.09,land,2,AUTO.LAND,1,4,3.961
57.09,land,3,AUTO.LAND,1,4,4.151
57.29,land,1,AUTO.LAND,1,4,4.162
57.29,land,2,AUTO.LAND,1,4,3.801
57.29,land,3,AUTO.LAND,1,4,4.021
57.49,land,1,AUTO.LAND,1,4,4.019
57.49,land,2,AUTO.LAND,1,4,3.652
57.49,land,3,AUTO.LAND,1,4,3.88
57.69,land,1,AUTO.LAND,1,4,3.884
57.69,land,2,AUTO.LAND,1,4,3.52
57.69,land,3,AUTO.LAND,1,4,3.748
57.89,land,1,AUTO.LAND,1,4,3.747
57.89,land,2,AUTO.LAND,1,4,3.383
57.89,land,3,AUTO.LAND,1,4,3.621
58.09,land,1,AUTO.LAND,1,4,3.639
58.09,land,2,AUTO.LAND,1,4,3.238
58.09,land,3,AUTO.LAND,1,4,3.507
58.3,land,1,AUTO.LAND,1,4,3.525
58.3,land,2,AUTO.LAND,1,4,3.104
58.3,land,3,AUTO.LAND,1,4,3.374
58.5,land,1,AUTO.LAND,1,4,3.402
58.5,land,2,AUTO.LAND,1,4,2.966
58.5,land,3,AUTO.LAND,1,4,3.234
58.7,land,1,AUTO.LAND,1,4,3.274
58.7,land,2,AUTO.LAND,1,4,2.839
58.7,land,3,AUTO.LAND,1,4,3.116
58.9,land,1,AUTO.LAND,1,4,3.131
58.9,land,2,AUTO.LAND,1,4,2.719
58.9,land,3,AUTO.LAND,1,4,2.988
59.1,land,1,AUTO.LAND,1,4,2.999
59.1,land,2,AUTO.LAND,1,4,2.599
59.1,land,3,AUTO.LAND,1,4,2.863
59.3,land,1,AUTO.LAND,1,4,2.874
59.3,land,2,AUTO.LAND,1,4,2.477
59.3,land,3,AUTO.LAND,1,4,2.746
59.5,land,1,AUTO.LAND,1,4,2.752
59.5,land,2,AUTO.LAND,1,4,2.346
59.5,land,3,AUTO.LAND,1,4,2.643
59.7,land,1,AUTO.LAND,1,4,2.636
59.7,land,2,AUTO.LAND,1,4,2.204
59.7,land,3,AUTO.LAND,1,4,2.536
59.9,land,1,AUTO.LAND,1,4,2.518
59.9,land,2,AUTO.LAND,1,4,2.062
59.9,land,3,AUTO.LAND,1,4,2.437
60.1,land,1,AUTO.LAND,1,4,2.384
60.1,land,2,AUTO.LAND,1,4,1.916
60.1,land,3,AUTO.LAND,1,4,2.345
60.3,land,1,AUTO.LAND,1,4,2.231
60.3,land,2,AUTO.LAND,1,4,1.769
60.3,land,3,AUTO.LAND,1,4,2.268
60.5,land,1,AUTO.LAND,1,4,2.112
60.5,land,2,AUTO.LAND,1,4,1.619
60.5,land,3,AUTO.LAND,1,4,2.176
60.7,land,1,AUTO.LAND,1,4,1.969
60.7,land,2,AUTO.LAND,1,4,1.467
60.7,land,3,AUTO.LAND,1,4,2.07
60.91,land,1,AUTO.LAND,1,4,1.827
60.91,land,2,AUTO.LAND,1,4,1.308
60.91,land,3,AUTO.LAND,1,4,1.938
61.11,land,1,AUTO.LAND,1,4,1.681
61.11,land,2,AUTO.LAND,1,4,1.162
61.11,land,3,AUTO.LAND,1,4,1.807
61.31,land,1,AUTO.LAND,1,4,1.558
61.31,land,2,AUTO.LAND,1,4,1.02
61.31,land,3,AUTO.LAND,1,4,1.676
61.51,land,1,AUTO.LAND,1,4,1.45
61.51,land,2,AUTO.LAND,1,4,0.875
61.51,land,3,AUTO.LAND,1,4,1.541
61.71,land,1,AUTO.LAND,1,4,1.343
61.71,land,2,AUTO.LAND,1,4,0.761
61.71,land,3,AUTO.LAND,1,4,1.405
61.91,land,1,AUTO.LAND,1,4,1.235
61.91,land,2,AUTO.LAND,1,4,0.652
61.91,land,3,AUTO.LAND,1,4,1.288
62.11,land,1,AUTO.LAND,1,4,1.134
62.11,land,2,AUTO.LAND,1,4,0.595
62.11,land,3,AUTO.LAND,1,4,1.142
62.31,land,1,AUTO.LAND,1,4,1.027
62.31,land,2,AUTO.LAND,1,4,0.557
62.31,land,3,AUTO.LAND,1,4,0.982
62.51,land,1,AUTO.LAND,1,4,0.907
62.51,land,2,AUTO.LAND,1,4,0.52
62.51,land,3,AUTO.LAND,1,4,0.822
62.71,land,1,AUTO.LAND,1,4,0.806
62.71,land,2,AUTO.LAND,1,4,0.468
62.71,land,3,AUTO.LAND,1,4,0.693
62.91,land,1,AUTO.LAND,1,4,0.689
62.91,land,2,AUTO.LAND,1,4,0.405
62.91,land,3,AUTO.LAND,1,4,0.604
63.11,land,1,AUTO.LAND,1,4,0.597
63.11,land,2,AUTO.LAND,1,4,0.335
63.11,land,3,AUTO.LAND,1,4,0.534
63.31,land,1,AUTO.LAND,1,4,0.533
63.31,land,2,AUTO.LAND,1,4,0.255
63.31,land,3,AUTO.LAND,1,4,0.474
63.52,land,1,AUTO.LAND,1,4,0.475
63.52,land,2,AUTO.LAND,1,4,0.19
63.52,land,3,AUTO.LAND,1,4,0.421
63.72,land,1,AUTO.LAND,1,4,0.416
63.72,land,2,AUTO.LAND,1,4,0.139
63.72,land,3,AUTO.LAND,1,4,0.37
63.92,land,1,AUTO.LAND,1,4,0.349
63.92,land,2,AUTO.LAND,1,4,0.071
63.92,land,3,AUTO.LAND,1,4,0.327
64.12,land,1,AUTO.LAND,1,4,0.271
64.12,land,2,AUTO.LAND,1,4,0.003
64.12,land,3,AUTO.LAND,1,4,0.293
64.32,land,1,AUTO.LAND,1,4,0.195
64.32,land,2,AUTO.LAND,1,4,-0.052
64.32,land,3,AUTO.LAND,1,4,0.272
64.52,land,1,AUTO.LAND,1,4,0.13
64.52,land,2,AUTO.LAND,1,4,-0.099
64.52,land,3,AUTO.LAND,1,4,0.246
64.72,land,1,AUTO.LAND,1,4,0.09
64.72,land,2,AUTO.LAND,1,4,-0.132
64.72,land,3,AUTO.LAND,1,4,0.205
64.93,land,1,AUTO.LAND,1,4,0.041
64.93,land,2,AUTO.LAND,1,4,-0.16
64.93,land,3,AUTO.LAND,1,4,0.156
65.13,land,1,AUTO.LAND,1,4,-0.001
65.13,land,2,AUTO.LAND,1,4,-0.183
65.13,land,3,AUTO.LAND,1,4,0.1
65.33,land,1,AUTO.LAND,1,4,0.023
65.33,land,2,AUTO.LAND,1,4,-0.195
65.33,land,3,AUTO.LAND,1,4,0.038
65.53,land,1,AUTO.LAND,1,4,0.036
65.53,land,2,AUTO.LAND,1,4,-0.208
65.53,land,3,AUTO.LAND,1,4,0.038
65.73,land,1,AUTO.LAND,1,4,0.043
65.73,land,2,AUTO.LAND,1,4,-0.222
65.73,land,3,AUTO.LAND,1,4,0.036
65.93,land,1,AUTO.LAND,1,4,0.052
65.93,land,2,AUTO.LAND,1,4,-0.228
65.93,land,3,AUTO.LAND,1,4,0.026
66.13,land,1,AUTO.LAND,1,4,0.062
66.13,land,2,AUTO.LAND,1,4,-0.243
66.13,land,3,AUTO.LAND,1,4,0.011
66.33,land,1,AUTO.LAND,1,4,0.07
66.33,land,2,AUTO.LAND,1,4,-0.272
66.33,land,3,AUTO.LAND,1,4,-0.015
66.53,land,1,AUTO.LAND,1,4,0.081
66.53,land,2,AUTO.LAND,1,4,-0.27
66.53,land,3,AUTO.LAND,1,4,-0.036
66.73,land,1,AUTO.LAND,1,4,0.087
66.73,land,2,AUTO.LAND,1,4,-0.268
66.73,land,3,AUTO.LAND,1,4,-0.049
66.93,land,1,AUTO.LAND,1,4,0.092
66.93,land,2,AUTO.LAND,1,4,-0.286
66.93,land,3,AUTO.LAND,1,4,-0.049
67.13,land,1,AUTO.LAND,1,1,0.095
67.13,land,2,AUTO.LAND,1,4,-0.318
67.13,land,3,AUTO.LAND,1,4,-0.042
67.33,land,1,AUTO.LAND,1,1,0.098
67.33,land,2,AUTO.LAND,1,4,-0.359
67.33,land,3,AUTO.LAND,1,4,-0.035
67.54,land,1,AUTO.LAND,1,1,0.107
67.54,land,2,AUTO.LAND,1,4,-0.407
67.54,land,3,AUTO.LAND,1,4,-0.021
67.74,land,1,AUTO.LAND,1,1,0.116
67.74,land,2,AUTO.LAND,1,4,-0.456
67.74,land,3,AUTO.LAND,1,4,-0.01
67.94,land,1,AUTO.LAND,1,1,0.125
67.94,land,2,AUTO.LAND,1,4,-0.515
67.94,land,3,AUTO.LAND,1,1,0.002
68.14,land,1,AUTO.LAND,1,1,0.138
68.14,land,2,AUTO.LAND,1,4,-0.575
68.14,land,3,AUTO.LAND,1,1,0.01
68.34,land,1,AUTO.LAND,1,1,0.146
68.34,land,2,AUTO.LAND,1,4,-0.617
68.34,land,3,AUTO.LAND,1,1,0.018
68.54,land,1,AUTO.LAND,1,1,0.147
68.54,land,2,AUTO.LAND,1,4,-0.649
68.54,land,3,AUTO.LAND,1,1,0.029
68.74,land,1,AUTO.LAND,1,1,0.142
68.74,land,2,AUTO.LAND,1,4,-0.685
68.74,land,3,AUTO.LAND,1,1,0.042
68.94,land,1,AUTO.LAND,1,1,0.125
68.94,land,2,AUTO.LAND,1,4,-0.717
68.94,land,3,AUTO.LAND,1,1,0.052
69.14,land,1,AUTO.LAND,1,1,0.108
69.14,land,2,AUTO.LAND,1,4,-0.749
69.14,land,3,AUTO.LAND,1,1,0.069
69.34,land,1,AUTO.LAND,1,1,0.099
69.34,land,2,AUTO.LAND,1,4,-0.785
69.34,land,3,AUTO.LAND,1,1,0.087
69.54,land,1,OFFBOARD,0,1,0.093
69.54,land,2,AUTO.LAND,1,4,-0.819
69.54,land,3,AUTO.LAND,1,1,0.096
69.74,land,1,OFFBOARD,0,1,0.083
69.74,land,2,AUTO.LAND,1,4,-0.853
69.74,land,3,AUTO.LAND,1,1,0.095
69.94,land,1,OFFBOARD,0,1,0.073
69.94,land,2,AUTO.LAND,1,1,-0.892
69.94,land,3,AUTO.LAND,1,1,0.094
70.14,land,1,OFFBOARD,0,1,0.063
70.14,land,2,AUTO.LAND,1,1,-0.924
70.14,land,3,AUTO.LAND,1,1,0.098
70.35,land,1,OFFBOARD,0,1,0.054
70.35,land,2,AUTO.LAND,1,1,-0.941
70.35,land,3,AUTO.LAND,1,1,0.108
70.55,land,1,OFFBOARD,0,1,0.046
70.55,land,2,AUTO.LAND,1,1,-0.951
70.55,land,3,OFFBOARD,0,1,0.118
70.75,land,1,OFFBOARD,0,1,0.036
70.75,land,2,AUTO.LAND,1,1,-0.955
70.75,land,3,OFFBOARD,0,1,0.126
70.95,land,1,OFFBOARD,0,1,0.025
70.95,land,2,AUTO.LAND,1,1,-0.953
70.95,land,3,OFFBOARD,0,1,0.133
71.15,land,1,OFFBOARD,0,1,0.013
71.15,land,2,AUTO.LAND,1,1,-0.949
71.15,land,3,OFFBOARD,0,1,0.135
71.35,land,1,OFFBOARD,0,1,-0.001
71.35,land,2,AUTO.LAND,1,1,-0.942
71.35,land,3,OFFBOARD,0,1,0.138
71.55,land,1,OFFBOARD,0,1,-0.015
71.55,land,2,AUTO.LAND,1,1,-0.943
71.55,land,3,OFFBOARD,0,1,0.141
71.75,land,1,OFFBOARD,0,1,-0.028
71.75,land,2,AUTO.LAND,1,1,-0.952
71.75,land,3,OFFBOARD,0,1,0.143
71.95,land,1,OFFBOARD,0,1,-0.044
71.95,land,2,AUTO.LAND,1,1,-0.959
71.95,land,3,OFFBOARD,0,1,0.145
72.15,land,1,OFFBOARD,0,1,-0.056
72.15,land,2,AUTO.LAND,1,1,-0.97
72.15,land,3,OFFBOARD,0,1,0.146
72.36,land,1,OFFBOARD,0,1,-0.065
72.36,land,2,AUTO.LAND,1,1,-0.986
72.36,land,3,OFFBOARD,0,1,0.145
72.56,land,1,OFFBOARD,0,1,-0.07
72.56,land,2,AUTO.LAND,1,1,-1.005
72.56,land,3,OFFBOARD,0,1,0.129
73.66,done,1,OFFBOARD,0,1,-0.039
73.66,done,2,OFFBOARD,0,1,-1.071
73.66,done,3,OFFBOARD,0,1,0.073
