t_s,rms_m
27.9,0.824
28.0,0.818
28.1,0.816
28.2,0.816
28.3,0.817
28.4,0.808
28.5,0.795
28.6,0.784
28.7,0.764
28.8,0.753
28.9,0.731
29.0,0.724
29.1,0.721
29.2,0.707
29.3,0.694
29.4,0.683
29.5,0.678
29.6,0.658
29.7,0.649
29.8,0.637
29.9,0.633
30.0,0.623
30.1,0.633
30.2,0.635
30.3,0.645
30.4,0.66
30.5,0.674
30.6,0.691
30.7,0.714
30.8,0.742
30.9,0.757
31.0,0.762
31.1,0.784
31.2,0.81
31.3,0.827
31.4,0.865
31.5,0.89
31.6,0.921
31.7,0.957
31.8,0.988
31.9,1.016
32.0,1.036
32.1,1.029
32.2,1.04
32.3,1.049
32.4,1.049
32.5,1.052
32.6,1.063
32.7,1.074
32.8,1.084
32.9,1.076
33.0,1.09
33.1,1.088
33.2,1.098
33.3,1.118
33.4,1.109
33.5,1.127
33.6,1.119
33.7,1.13
33.8,1.117
33.9,1.13
34.0,1.104
34.1,1.111
34.2,1.103
34.3,1.108
34.4,1.091
34.5,1.1
34.6,1.086
34.7,1.098
34.8,1.095
34.9,1.113
35.0,1.109
35.1,1.121
35.2,1.133
35.3,1.127
35.4,1.15
35.5,1.138
35.6,1.167
35.7,1.162
35.8,1.175
35.9,1.168
36.0,1.172
36.1,1.176
36.2,1.197
36.3,1.191
36.4,1.208
36.5,1.187
36.6,1.234
36.7,1.213
36.8,1.235
36.9,1.259
37.0,1.249
37.1,1.301
37.2,1.3
37.3,1.308
37.4,1.291
37.5,1.303
37.6,1.309
37.7,1.296
37.8,1.274
37.9,1.268
38.0,1.256
38.1,1.264
38.2,1.246
38.3,1.268
38.4,1.244
38.5,1.259
38.6,1.218
38.7,1.226
38.8,1.196
38.9,1.186
39.0,1.144
39.1,1.118
39.2,1.075
39.3,1.058
39.4,1.02
39.5,0.995
39.6,0.982
39.7,0.947
39.8,0.921
39.9,0.891
40.0,0.88
40.1,0.84
40.2,0.826
40.3,0.796
40.4,0.783
40.5,0.759
40.6,0.771
40.7,0.734
40.8,0.753
40.9,0.715
41.0,0.732
41.1,0.703
41.2,0.713
41.3,0.693
41.4,0.693
41.5,0.671
41.6,0.661
41.7,0.658
41.8,0.682
41.9,0.683
42.0,0.711
42.1,0.72
42.2,0.726
42.3,0.746
42.4,0.76
42.5,0.775
42.6,0.802
42.7,0.816
42.8,0.825
42.9,0.854
43.0,0.884
43.1,0.908
43.2,0.928
43.3,0.959
43.4,0.997
43.5,1.014
43.6,1.028
43.7,1.055
43.8,1.061
43.9,1.076
44.0,1.083
44.1,1.101
44.2,1.105
44.3,1.103
44.4,1.097
44.5,1.086
44.6,1.074
44.7,1.066
44.8,1.049
44.9,1.028
45.0,1.025
45.1,1.018
45.2,1.029
45.3,1.012
45.4,1.014
45.5,0.994
45.6,1.007
45.7,0.99
45.8,0.994
45.9,0.982
46.0,0.994
46.1,0.976
46.2,0.984
46.3,0.978
46.4,0.982
46.5,0.987
46.6,0.964
46.7,0.987
46.8,0.984
46.9,0.994
47.0,0.983
47.1,0.995
47.2,0.992
47.3,1.013
47.4,0.999
47.5,1.007
47.6,1.008
47.7,1.014
47.8,1.044
47.9,1.016
48.0,1.008
48.1,1.027
48.2,1.038
48.3,1.032
48.4,1.035
48.5,1.012
48.6,1.034
48.7,1.041
48.8,1.036
48.9,1.039
49.0,1.046
49.1,1.008
49.2,1.023
49.3,1.0
49.4,1.004
49.5,0.965
49.6,0.998
49.7,0.971
49.8,0.983
49.9,0.953
50.0,0.973
50.1,0.953
50.2,0.97
50.3,0.937
50.4,0.923
50.5,0.943
50.6,0.929
50.7,0.94
50.8,0.968
50.9,0.955
51.0,0.949
51.1,0.963
51.2,0.944
51.3,0.963
51.4,0.976
51.5,0.986
51.6,0.984
51.7,1.015
51.8,0.995
51.9,1.015
52.0,0.992
52.1,1.008
52.2,1.002
52.3,1.014
52.4,0.981
52.5,0.977
52.6,0.962
52.7,0.946
52.8,0.948
52.9,0.935
53.0,0.918
53.1,0.855
53.2,0.884
53.3,0.856
53.4,0.851
53.5,0.816
53.6,0.811
53.7,0.794
53.8,0.789
53.9,0.757
54.0,0.772
54.1,0.712
54.2,0.72
54.3,0.67
54.4,0.659
54.5,0.602
54.6,0.607
54.7,0.615
54.8,0.598
54.9,0.622
55.0,0.604
55.1,0.632
55.2,0.632
55.3,0.659
55.4,0.653
55.5,0.686
55.6,0.708
55.7,0.726
55.8,0.731
55.9,0.77
56.0,0.783
56.1,0.815
56.2,0.823
56.3,0.842
56.4,0.855
56.5,0.868
56.6,0.869
56.7,0.866
56.8,0.868
56.9,0.866
57.0,0.875
57.1,0.872
57.2,0.876
57.3,0.868
57.4,0.867
57.5,0.856
57.6,0.844
57.7,0.818
57.8,0.808
57.9,0.79
58.0,0.774
58.1,0.762
58.2,0.758
58.3,0.756
58.4,0.749
58.5,0.744
58.6,0.747
58.7,0.724
58.8,0.715
58.9,0.721
59.0,0.722
59.1,0.729
59.2,0.724
59.3,0.724
59.4,0.713
59.5,0.71
59.6,0.702
59.7,0.702
59.8,0.69
59.9,0.686
60.0,0.666
60.1,0.658
60.2,0.647
60.3,0.637
60.4,0.625
60.5,0.6
60.6,0.598
60.7,0.584
60.8,0.565
60.9,0.55
61.0,0.53
61.1,0.526
61.2,0.513
61.3,0.505
61.4,0.493
61.5,0.49
61.6,0.486
61.7,0.476
61.8,0.469
61.9,0.464
62.0,0.456
62.1,0.466
62.2,0.463
62.3,0.467
62.4,0.487
62.5,0.481
62.6,0.51
62.7,0.517
62.8,0.516
62.9,0.527
63.0,0.515
63.1,0.529
63.2,0.518
63.3,0.513
63.4,0.512
63.5,0.517
63.6,0.52
63.7,0.51
63.8,0.494
63.9,0.488
64.0,0.483
64.1,0.491
64.2,0.478
64.3,0.492
64.4,0.477
64.5,0.483
64.6,0.466
64.7,0.473
64.8,0.476
64.9,0.48
65.0,0.476
65.1,0.471
65.2,0.46
65.3,0.436
65.4,0.432
65.5,0.418
65.6,0.404
65.7,0.381
65.8,0.365
65.9,0.345
66.0,0.323
66.1,0.316
66.2,0.307
66.3,0.313
66.4,0.311
66.5,0.324
66.6,0.333
66.7,0.353
66.8,0.355
66.9,0.354
67.0,0.365
67.1,0.362
67.2,0.361
67.3,0.355
67.4,0.351
67.5,0.354
67.6,0.364
67.7,0.355
67.8,0.36
67.9,0.342
68.0,0.333
68.1,0.319
68.2,0.311
68.3,0.302
68.4,0.299
68.5,0.304
68.6,0.301
68.7,0.311
68.8,0.32
68.9,0.324
69.0,0.326
69.1,0.342
69.2,0.355
69.3,0.354
69.4,0.362
69.5,0.374
69.6,0.386
69.7,0.393
69.8,0.413
69.9,0.427
70.0,0.456
70.1,0.463
70.2,0.493
70.3,0.513
70.4,0.54
70.5,0.537
70.6,0.565
70.7,0.559
70.8,0.579
70.9,0.573
71.0,0.56
71.1,0.563
71.2,0.536
71.3,0.521
71.4,0.501
71.5,0.49
71.6,0.492
71.7,0.499
71.8,0.476
71.9,0.489
72.0,0.479
72.1,0.487
72.2,0.444
72.3,0.429
72.4,0.402
72.5,0.4
72.6,0.373
72.7,0.377
72.8,0.344
72.9,0.349
73.0,0.337
73.1,0.318
73.2,0.326
73.3,0.304
73.4,0.307
73.5,0.292
73.6,0.299
73.7,0.286
73.8,0.302
73.9,0.3
74.0,0.311
74.1,0.306
74.2,0.317
74.3,0.333
74.4,0.348
74.5,0.364
74.6,0.378
74.7,0.404
74.8,0.415
74.9,0.454
75.0,0.47
75.1,0.478
75.2,0.493
75.3,0.512
75.4,0.531
75.5,0.537
75.6,0.539
75.7,0.536
75.8,0.549
75.9,0.543
76.0,0.557
76.1,0.546
76.2,0.549
76.3,0.548
76.4,0.559
76.5,0.532
76.6,0.521
76.7,0.499
76.8,0.503
76.9,0.491
77.0,0.5
77.1,0.504
77.2,0.541
77.3,0.551
77.4,0.571
77.5,0.592
77.6,0.605
77.7,0.607
77.8,0.61
77.9,0.601
78.0,0.593
78.1,0.575
78.2,0.562
78.3,0.551
78.4,0.531
78.5,0.51
78.6,0.492
78.7,0.482
78.8,0.475
78.9,0.469
79.0,0.468
79.1,0.465
79.2,0.47
79.3,0.468
79.4,0.478
79.5,0.482
79.6,0.496
79.7,0.495
79.8,0.512
79.9,0.519
80.0,0.534
80.1,0.534
80.2,0.547
80.3,0.568
80.4,0.585
80.5,0.603
80.6,0.618
80.7,0.635
80.8,0.646
80.9,0.654
81.0,0.657
81.1,0.669
81.2,0.662
81.3,0.676
81.4,0.694
81.5,0.699
81.6,0.718
81.7,0.73
81.8,0.751
81.9,0.761
82.0,0.774
82.1,0.778
82.2,0.759
82.3,0.747
82.4,0.728
82.5,0.706
82.6,0.69
82.7,0.675
82.8,0.661
82.9,0.648
83.0,0.647
83.1,0.647
83.2,0.613
83.3,0.625
83.4,0.629
83.5,0.647
83.6,0.668
83.7,0.705
83.8,0.719
83.9,0.751
84.0,0.763
84.1,0.803
84.2,0.812
84.3,0.832
84.4,0.808
84.5,0.841
84.6,0.837
84.7,0.837
84.8,0.838
84.9,0.853
85.0,0.842
85.1,0.851
85.2,0.847
85.3,0.879
85.4,0.882
85.5,0.869
85.6,0.89
85.7,0.869
85.8,0.866
85.9,0.838
86.0,0.833
86.1,0.814
86.2,0.799
86.3,0.746
86.4,0.71
86.5,0.668
86.6,0.646
86.7,0.594
86.8,0.572
86.9,0.516
87.0,0.525
87.1,0.499
87.2,0.514
87.3,0.506
87.4,0.508
87.5,0.526
87.6,0.519
87.7,0.537
87.8,0.547
87.9,0.535
88.0,0.53
88.1,0.535
88.2,0.504
88.3,0.5
88.4,0.484
88.5,0.488
88.6,0.412
88.7,0.415
88.8,0.398
88.9,0.394
89.0,0.379
89.1,0.379
89.2,0.362
89.3,0.359
89.4,0.358
89.5,0.353
89.6,0.354
89.7,0.351
89.8,0.365
89.9,0.37
90.0,0.4
90.1,0.416
90.2,0.452
90.3,0.473
90.4,0.498
90.5,0.536
90.6,0.551
90.7,0.573
90.8,0.615
90.9,0.635
91.0,0.662
91.1,0.676
91.2,0.696
91.3,0.705
91.4,0.72
91.5,0.733
91.6,0.743
91.7,0.74
91.8,0.749
91.9,0.757
92.0,0.76
92.1,0.763
92.2,0.769
92.3,0.757
92.4,0.756
92.5,0.748
92.6,0.747
92.7,0.729
92.8,0.704
92.9,0.677
93.0,0.658
93.1,0.641
93.2,0.626
93.3,0.616
93.4,0.596
93.5,0.585
93.6,0.559
93.7,0.546
93.8,0.512
93.9,0.508
94.0,0.502
94.1,0.509
94.2,0.505
94.3,0.523
94.4,0.515
94.5,0.529
94.6,0.522
94.7,0.533
94.8,0.535
94.9,0.542
95.0,0.517
95.1,0.529
95.2,0.534
95.3,0.551
95.4,0.549
95.5,0.569
95.6,0.57
95.7,0.601
95.8,0.601
95.9,0.655
96.0,0.626
96.1,0.613
96.2,0.643
96.3,0.633
96.4,0.662
96.5,0.643
96.6,0.666
96.7,0.652
96.8,0.644
96.9,0.632
97.0,0.644
97.1,0.641
97.2,0.654
97.3,0.652
97.4,0.693
97.5,0.687
97.6,0.727
97.7,0.726
97.8,0.76
97.9,0.772
98.0,0.774
98.1,0.817
98.2,0.821
98.3,0.85
98.4,0.846
98.5,0.856
98.6,0.857
98.7,0.857
98.8,0.843
98.9,0.83
99.0,0.787
99.1,0.794
99.2,0.774
99.3,0.775
99.4,0.744
99.5,0.747
99.6,0.74
99.7,0.724
99.8,0.713
99.9,0.683
100.0,0.673
100.1,0.656
100.2,0.635
100.3,0.617
100.4,0.589
100.5,0.567
100.6,0.539
100.7,0.534
100.8,0.503
100.9,0.468
101.0,0.445
101.1,0.404
101.2,0.382
101.3,0.348
101.4,0.335
101.5,0.309
101.6,0.29
101.7,0.29
101.8,0.282
101.9,0.283
102.0,0.29
102.1,0.275
102.2,0.29
102.3,0.28
102.4,0.276
102.5,0.271
102.6,0.277
102.7,0.257
102.8,0.267
102.9,0.255
103.0,0.269
103.1,0.255
103.2,0.265
103.3,0.263
103.4,0.277
103.5,0.286
103.6,0.32
103.7,0.348
103.8,0.383
103.9,0.413
104.0,0.442
104.1,0.468
104.2,0.491
104.3,0.495
104.4,0.501
104.5,0.51
104.6,0.513
104.7,0.51
104.8,0.497
104.9,0.473
105.0,0.448
105.1,0.428
105.2,0.409
105.3,0.391
105.4,0.362
105.5,0.364
105.6,0.361
105.7,0.359
105.8,0.362
105.9,0.364
106.0,0.365
106.1,0.37
106.2,0.373
106.3,0.365
106.4,0.358
106.5,0.361
106.6,0.356
106.7,0.36
106.8,0.365
106.9,0.378
107.0,0.398
107.1,0.414
107.2,0.43
107.3,0.446
107.4,0.459
107.5,0.474
107.6,0.485
107.7,0.49
107.8,0.498
107.9,0.497
108.0,0.5
108.1,0.48
108.2,0.471
108.3,0.442
108.4,0.418
108.5,0.402
108.6,0.376
108.7,0.379
108.8,0.364
108.9,0.383
109.0,0.371
109.1,0.386
109.2,0.376
109.3,0.379
109.4,0.38
109.5,0.371
109.6,0.369
109.7,0.392
109.8,0.403
109.9,0.398
110.0,0.375
110.1,0.408
110.2,0.405
110.3,0.426
110.4,0.453
110.5,0.438
110.6,0.46
110.7,0.465
110.8,0.497
110.9,0.48
111.0,0.502
111.1,0.482
111.2,0.493
111.3,0.469
111.4,0.504
111.5,0.493
111.6,0.499
111.7,0.481
111.8,0.494
111.9,0.49
112.0,0.513
112.1,0.492
112.2,0.528
112.3,0.525
112.4,0.518
112.5,0.544
112.6,0.517
112.7,0.529
112.8,0.51
112.9,0.523
113.0,0.52
113.1,0.5
113.2,0.469
113.3,0.461
113.4,0.427
113.5,0.42
113.6,0.383
113.7,0.37
113.8,0.34
113.9,0.322
114.0,0.302
114.1,0.287
114.2,0.278
114.3,0.268
114.4,0.264
114.5,0.263
114.6,0.284
114.7,0.299
114.8,0.327
114.9,0.367
115.0,0.364
115.1,0.415
115.2,0.395
115.3,0.407
115.4,0.399
115.5,0.449
115.6,0.45
115.7,0.47
115.8,0.485
115.9,0.498
116.0,0.482
116.1,0.5
116.2,0.49
116.3,0.48
116.4,0.484
116.5,0.465
116.6,0.47
116.7,0.508
116.8,0.549
116.9,0.563
117.0,0.6
117.1,0.6
117.2,0.649
117.3,0.629
117.4,0.65
117.5,0.655
117.6,0.679
117.7,0.668
117.8,0.686
117.9,0.67
118.0,0.69
118.1,0.658
118.2,0.64
118.3,0.647
118.4,0.607
118.5,0.611
118.6,0.582
118.7,0.581
118.8,0.545
118.9,0.562
119.0,0.521
119.1,0.529
119.2,0.506
119.3,0.505
119.4,0.485
119.5,0.475
119.6,0.451
119.7,0.446
119.8,0.434
119.9,0.432
120.0,0.427
120.1,0.432
120.2,0.426
120.3,0.428
120.4,0.426
120.5,0.42
120.6,0.427
120.7,0.431
120.8,0.431
120.9,0.437
121.0,0.43
121.1,0.431
121.2,0.429
121.3,0.437
121.4,0.43
121.5,0.44
121.6,0.436
121.7,0.455
121.8,0.438
121.9,0.462
122.0,0.46
122.1,0.479
122.2,0.473
122.3,0.489
122.4,0.493
122.5,0.506
122.6,0.517
122.7,0.495
122.8,0.507
122.9,0.498
123.0,0.499
123.1,0.478
123.2,0.479
123.3,0.457
123.4,0.467
123.5,0.447
123.6,0.477
123.7,0.465
123.8,0.48
123.9,0.479
124.0,0.504
124.1,0.486
124.2,0.482
124.3,0.473
124.4,0.488
124.5,0.481
124.6,0.49
124.7,0.494
124.8,0.506
124.9,0.527
125.0,0.541
125.1,0.568
125.2,0.589
125.3,0.61
125.4,0.62
125.5,0.632
125.6,0.643
125.7,0.647
125.8,0.654
125.9,0.654
126.0,0.655
126.1,0.644
126.2,0.642
126.3,0.625
126.4,0.609
126.5,0.586
126.6,0.561
126.7,0.538
126.8,0.511
126.9,0.485
127.0,0.46
127.1,0.443
127.2,0.417
127.3,0.413
127.4,0.398
127.5,0.413
127.6,0.385
127.7,0.405
127.8,0.394
127.9,0.424
128.0,0.407
128.1,0.437
128.2,0.426
128.3,0.444
128.4,0.427
128.5,0.43
128.6,0.401
128.7,0.407
128.8,0.416
128.9,0.407
129.0,0.409
129.1,0.399
129.2,0.402
129.3,0.402
129.4,0.403
129.5,0.409
129.6,0.406
129.7,0.413
129.8,0.425
129.9,0.435
130.0,0.438
130.1,0.446
130.2,0.445
130.3,0.452
130.4,0.451
130.5,0.433
130.6,0.433
130.7,0.439
130.8,0.448
130.9,0.455
131.0,0.478
131.1,0.483
131.2,0.506
131.3,0.515
131.4,0.54
131.5,0.536
131.6,0.541
131.7,0.526
131.8,0.534
131.9,0.515
132.0,0.517
132.1,0.487
132.2,0.497
132.3,0.481
132.4,0.464
132.5,0.455
132.6,0.462
132.7,0.462
132.8,0.442
132.9,0.445
133.0,0.439
133.1,0.451
133.2,0.435
133.3,0.446
133.4,0.422
133.5,0.429
133.6,0.408
133.7,0.402
133.8,0.389
133.9,0.372
134.0,0.363
134.1,0.353
134.2,0.345
134.3,0.349
134.4,0.35
134.5,0.347
134.6,0.359
134.7,0.354
134.8,0.357
134.9,0.354
135.0,0.354
135.1,0.347
135.2,0.35
135.3,0.348
135.4,0.348
135.5,0.35
135.6,0.35
135.7,0.35
135.8,0.351
135.9,0.358
136.0,0.337
136.1,0.354
136.2,0.343
136.3,0.343
136.4,0.338
136.5,0.343
136.6,0.337
136.7,0.357
136.8,0.355
136.9,0.362
137.0,0.368
137.1,0.371
137.2,0.377
137.3,0.378
137.4,0.384
137.5,0.395
137.6,0.407
137.7,0.403
137.8,0.412
137.9,0.412
138.0,0.414
138.1,0.413
138.2,0.429
138.3,0.423
138.4,0.436
138.5,0.434
138.6,0.438
138.7,0.431
138.8,0.449
138.9,0.443
139.0,0.453
139.1,0.464
139.2,0.469
139.3,0.476
139.4,0.482
139.5,0.486
139.6,0.5
139.7,0.506
139.8,0.519
139.9,0.523
140.0,0.535
140.1,0.521
140.2,0.522
140.3,0.531
140.4,0.542
140.5,0.554
140.6,0.572
140.7,0.585
140.8,0.596
140.9,0.601
141.0,0.609
141.1,0.619
141.2,0.604
141.3,0.626
141.4,0.64
141.5,0.652
141.6,0.652
141.7,0.657
141.8,0.659
141.9,0.665
142.0,0.659
142.1,0.64
142.2,0.638
142.3,0.633
142.4,0.629
142.5,0.641
142.6,0.648
142.7,0.653
142.8,0.651
142.9,0.649
143.0,0.656
143.1,0.633
143.2,0.637
143.3,0.631
143.4,0.634
143.5,0.634
143.6,0.624
143.7,0.626
143.8,0.621
143.9,0.616
144.0,0.611
144.1,0.609
144.2,0.579
144.3,0.584
144.4,0.576
144.5,0.559
144.6,0.544
144.7,0.535
144.8,0.521
144.9,0.522
145.0,0.494
145.1,0.489
145.2,0.479
145.3,0.47
145.4,0.463
145.5,0.45
145.6,0.439
145.7,0.424
145.8,0.412
145.9,0.393
146.0,0.381
146.1,0.354
146.2,0.351
146.3,0.348
146.4,0.348
146.5,0.349
146.6,0.369
146.7,0.37
146.8,0.385
146.9,0.377
147.0,0.387
147.1,0.401
147.2,0.406
147.3,0.402
147.4,0.42
147.5,0.426
147.6,0.443
147.7,0.438
147.8,0.432
147.9,0.436
148.0,0.434
148.1,0.434
148.2,0.432
148.3,0.432
148.4,0.419
148.5,0.415
148.6,0.42
148.7,0.44
148.8,0.434
148.9,0.432
149.0,0.453
149.1,0.47
149.2,0.497
149.3,0.522
149.4,0.545
149.5,0.576
149.6,0.61
149.7,0.644
149.8,0.668
149.9,0.692
150.0,0.712
150.1,0.737
150.2,0.759
150.3,0.776
150.4,0.781
150.5,0.781
150.6,0.775
150.7,0.769
150.8,0.761
150.9,0.73
151.0,0.697
151.1,0.671
151.2,0.646
151.3,0.619
151.4,0.611
151.5,0.577
151.6,0.562
151.7,0.533
151.8,0.522
151.9,0.5
152.0,0.498
152.1,0.493
152.2,0.499
152.3,0.488
152.4,0.511
152.5,0.521
152.6,0.566
152.7,0.599
152.8,0.644
152.9,0.659
153.0,0.708
153.1,0.756
153.2,0.786
153.3,0.837
153.4,0.865
153.5,0.919
153.6,0.935
153.7,0.952
153.8,0.981
153.9,1.014
154.0,1.028
154.1,1.051
154.2,1.061
154.3,1.075
154.4,1.08
154.5,1.086
154.6,1.067
154.7,1.04
154.8,1.036
154.9,1.01
155.0,0.986
155.1,0.955
155.2,0.944
155.3,0.915
155.4,0.874
155.5,0.852
155.6,0.823
155.7,0.792
155.8,0.767
155.9,0.75
156.0,0.739
156.1,0.71
156.2,0.726
156.3,0.723
156.4,0.752
156.5,0.718
156.6,0.751
156.7,0.747
156.8,0.726
156.9,0.745
157.0,0.703
157.1,0.701
157.2,0.681
157.3,0.681
157.4,0.644
157.5,0.655
157.6,0.642
157.7,0.642
157.8,0.624
157.9,0.633
158.0,0.614
158.1,0.621
158.2,0.6
158.3,0.597
158.4,0.58
158.5,0.587
158.6,0.583
158.7,0.555
158.8,0.559
158.9,0.535
159.0,0.538
159.1,0.519
159.2,0.505
159.3,0.483
159.4,0.466
159.5,0.46
159.6,0.44
159.7,0.426
159.8,0.417
159.9,0.403
160.0,0.39
160.1,0.378
160.2,0.377
160.3,0.363
160.4,0.358
160.5,0.345
160.6,0.331
160.7,0.324
160.8,0.32
160.9,0.327
161.0,0.326
161.1,0.331
161.2,0.336
161.3,0.333
161.4,0.356
161.5,0.37
161.6,0.394
161.7,0.409
161.8,0.433
161.9,0.437
162.0,0.492
162.1,0.491
162.2,0.529
162.3,0.535
162.4,0.591
162.5,0.61
162.6,0.61
162.7,0.605
162.8,0.605
162.9,0.621
163.0,0.617
163.1,0.653
163.2,0.657
163.3,0.692
163.4,0.695
163.5,0.745
163.6,0.749
163.7,0.788
163.8,0.821
163.9,0.821
164.0,0.835
164.1,0.87
164.2,0.867
164.3,0.895
164.4,0.881
164.5,0.929
164.6,0.895
164.7,0.899
164.8,0.871
164.9,0.881
165.0,0.84
165.1,0.818
165.2,0.852
165.3,0.846
165.4,0.861
165.5,0.87
165.6,0.861
165.7,0.839
165.8,0.832
165.9,0.814
166.0,0.83
166.1,0.822
166.2,0.831
166.3,0.841
166.4,0.854
166.5,0.853
166.6,0.856
166.7,0.818
166.8,0.777
166.9,0.796
167.0,0.761
167.1,0.763
167.2,0.742
167.3,0.721
167.4,0.743
167.5,0.739
167.6,0.712
167.7,0.7
167.8,0.676
167.9,0.67
168.0,0.635
168.1,0.618
168.2,0.585
168.3,0.574
168.4,0.565
168.5,0.554
168.6,0.568
168.7,0.557
168.8,0.548
168.9,0.52
169.0,0.53
169.1,0.504
169.2,0.506
169.3,0.487
169.4,0.484
169.5,0.465
169.6,0.469
169.7,0.457
169.8,0.454
169.9,0.413
170.0,0.401
170.1,0.398
170.2,0.396
170.3,0.389
170.4,0.399
170.5,0.402
170.6,0.381
170.7,0.376
170.8,0.371
170.9,0.379
171.0,0.364
171.1,0.357
171.2,0.349
171.3,0.34
171.4,0.325
171.5,0.313
171.6,0.33
171.7,0.36
171.8,0.36
171.9,0.375
172.0,0.382
172.1,0.388
172.2,0.39
172.3,0.374
172.4,0.375
172.5,0.373
172.6,0.385
172.7,0.381
172.8,0.398
172.9,0.381
173.0,0.393
173.1,0.385
173.2,0.394
173.3,0.382
173.4,0.376
173.5,0.383
173.6,0.397
173.7,0.387
173.8,0.394
173.9,0.404
174.0,0.422
174.1,0.417
174.2,0.42
174.3,0.401
174.4,0.383
174.5,0.357
174.6,0.368
174.7,0.357
174.8,0.343
174.9,0.334
175.0,0.322
175.1,0.326
175.2,0.307
175.3,0.31
175.4,0.3
175.5,0.303
175.6,0.309
175.7,0.32
175.8,0.324
175.9,0.333
176.0,0.338
176.1,0.338
176.2,0.348
176.3,0.349
176.4,0.351
176.5,0.354
176.6,0.367
176.7,0.37
176.8,0.374
176.9,0.394
177.0,0.413
177.1,0.438
177.2,0.462
177.3,0.476
177.4,0.487
177.5,0.499
177.6,0.512
177.7,0.521
177.8,0.521
177.9,0.545
178.0,0.541
178.1,0.56
178.2,0.578
178.3,0.584
178.4,0.616
178.5,0.639
178.6,0.678
178.7,0.687
178.8,0.72
178.9,0.759
179.0,0.76
179.1,0.785
179.2,0.801
179.3,0.786
179.4,0.829
179.5,0.828
179.6,0.853
179.7,0.847
179.8,0.854
179.9,0.869
180.0,0.849
180.1,0.88
180.2,0.861
180.3,0.88
180.4,0.868
180.5,0.864
180.6,0.861
180.7,0.86
180.8,0.845
180.9,0.83
181.0,0.802
181.1,0.787
181.2,0.756
181.3,0.738
181.4,0.709
181.5,0.679
181.6,0.64
181.7,0.631
181.8,0.61
181.9,0.574
182.0,0.594
182.1,0.572
182.2,0.594
182.3,0.564
182.4,0.564
182.5,0.539
182.6,0.547
182.7,0.546
182.8,0.547
182.9,0.536
183.0,0.545
183.1,0.542
183.2,0.548
183.3,0.548
183.4,0.558
183.5,0.569
183.6,0.596
183.7,0.598
183.8,0.612
183.9,0.627
184.0,0.618
184.1,0.627
184.2,0.626
184.3,0.641
184.4,0.646
184.5,0.664
184.6,0.671
184.7,0.696
184.8,0.714
184.9,0.708
185.0,0.718
185.1,0.739
185.2,0.749
185.3,0.763
185.4,0.753
185.5,0.758
185.6,0.74
185.7,0.743
185.8,0.737
185.9,0.724
186.0,0.702
186.1,0.682
186.2,0.665
186.3,0.655
186.4,0.642
186.5,0.632
186.6,0.627
186.7,0.61
186.8,0.596
186.9,0.595
187.0,0.581
187.1,0.578
187.2,0.577
187.3,0.571
187.4,0.569
187.5,0.57
187.6,0.57
187.7,0.571
187.8,0.568
187.9,0.565
188.0,0.567
188.1,0.563
188.2,0.578
188.3,0.588
188.4,0.603
188.5,0.608
188.6,0.63
188.7,0.635
188.8,0.654
188.9,0.663
189.0,0.658
189.1,0.653
189.2,0.661
189.3,0.646
189.4,0.646
189.5,0.638
189.6,0.639
189.7,0.618
189.8,0.607
189.9,0.606
190.0,0.604
190.1,0.61
190.2,0.621
190.3,0.602
190.4,0.614
190.5,0.623
190.6,0.63
190.7,0.634
190.8,0.642
190.9,0.644
191.0,0.646
191.1,0.644
191.2,0.641
191.3,0.616
191.4,0.61
191.5,0.601
191.6,0.606
191.7,0.601
191.8,0.601
191.9,0.586
192.0,0.574
192.1,0.556
192.2,0.544
192.3,0.521
192.4,0.497
192.5,0.469
192.6,0.46
192.7,0.449
192.8,0.429
192.9,0.419
193.0,0.416
193.1,0.414
193.2,0.423
193.3,0.418
193.4,0.427
193.5,0.419
193.6,0.409
193.7,0.4
193.8,0.409
193.9,0.394
194.0,0.399
194.1,0.4
194.2,0.4
194.3,0.389
194.4,0.397
194.5,0.382
194.6,0.369
194.7,0.372
194.8,0.376
194.9,0.399
195.0,0.402
195.1,0.435
195.2,0.453
195.3,0.483
195.4,0.503
195.5,0.542
195.6,0.559
195.7,0.577
195.8,0.594
195.9,0.632
196.0,0.649
196.1,0.679
196.2,0.695
196.3,0.711
196.4,0.726
196.5,0.745
196.6,0.733
196.7,0.73
196.8,0.739
196.9,0.739
197.0,0.75
197.1,0.752
197.2,0.761
197.3,0.759
197.4,0.765
197.5,0.739
197.6,0.728
197.7,0.712
197.8,0.689
197.9,0.672
198.0,0.652
198.1,0.63
198.2,0.616
198.3,0.591
198.4,0.574
198.5,0.556
198.6,0.554
198.7,0.539
198.8,0.522
198.9,0.508
199.0,0.487
199.1,0.481
199.2,0.482
199.3,0.477
199.4,0.477
199.5,0.472
199.6,0.472
199.7,0.461
199.8,0.46
199.9,0.443
200.0,0.443
200.1,0.44
200.2,0.441
200.3,0.43
200.4,0.436
200.5,0.442
200.6,0.457
200.7,0.471
200.8,0.484
200.9,0.496
201.0,0.511
201.1,0.527
201.2,0.543
201.3,0.551
201.4,0.549
201.5,0.551
201.6,0.56
201.7,0.547
201.8,0.55
201.9,0.533
202.0,0.53
202.1,0.524
202.2,0.516
202.3,0.502
202.4,0.488
202.5,0.471
202.6,0.454
202.7,0.441
202.8,0.416
202.9,0.404
203.0,0.379
203.1,0.359
203.2,0.371
203.3,0.349
203.4,0.378
203.5,0.367
203.6,0.388
203.7,0.39
203.8,0.386
203.9,0.394
204.0,0.404
204.1,0.377
204.2,0.402
204.3,0.386
204.4,0.397
204.5,0.381
204.6,0.397
204.7,0.373
204.8,0.361
204.9,0.329
205.0,0.31
205.1,0.312
205.2,0.299
205.3,0.302
205.4,0.298
205.5,0.305
205.6,0.308
205.7,0.316
205.8,0.322
205.9,0.341
206.0,0.363
206.1,0.375
206.2,0.391
206.3,0.416
206.4,0.437
206.5,0.455
206.6,0.479
206.7,0.495
206.8,0.509
206.9,0.509
207.0,0.53
207.1,0.527
207.2,0.523
207.3,0.544
207.4,0.567
207.5,0.591
207.6,0.614
207.7,0.62
207.8,0.638
207.9,0.66
208.0,0.675
208.1,0.69
208.2,0.689
208.3,0.71
208.4,0.725
208.5,0.757
208.6,0.77
208.7,0.795
208.8,0.808
208.9,0.832
209.0,0.834
209.1,0.835
209.2,0.823
209.3,0.816
209.4,0.789
209.5,0.773
209.6,0.744
209.7,0.722
209.8,0.698
209.9,0.674
210.0,0.659
210.1,0.631
210.2,0.618
210.3,0.604
210.4,0.601
210.5,0.608
210.6,0.604
210.7,0.612
210.8,0.6
210.9,0.596
211.0,0.599
211.1,0.6
211.2,0.622
211.3,0.63
211.4,0.632
211.5,0.624
211.6,0.604
211.7,0.617
211.8,0.597
211.9,0.576
212.0,0.572
212.1,0.576
212.2,0.564
212.3,0.583
212.4,0.568
212.5,0.57
212.6,0.548
212.7,0.557
212.8,0.533
212.9,0.501
213.0,0.517
213.1,0.513
213.2,0.516
213.3,0.496
213.4,0.514
213.5,0.487
213.6,0.476
213.7,0.452
213.8,0.455
213.9,0.432
214.0,0.439
214.1,0.415
214.2,0.402
214.3,0.387
214.4,0.37
214.5,0.37
214.6,0.359
214.7,0.345
214.8,0.348
214.9,0.333
215.0,0.325
215.1,0.324
215.2,0.3
215.3,0.294
215.4,0.286
215.5,0.285
215.6,0.284
215.7,0.297
215.8,0.316
215.9,0.33
216.0,0.347
216.1,0.363
216.2,0.381
216.3,0.391
216.4,0.399
216.5,0.413
216.6,0.411
216.7,0.405
216.8,0.396
216.9,0.394
217.0,0.389
217.1,0.399
217.2,0.379
217.3,0.381
217.4,0.361
217.5,0.34
217.6,0.319
217.7,0.327
217.8,0.317
217.9,0.304
218.0,0.296
218.1,0.288
218.2,0.274
218.3,0.262
218.4,0.26
218.5,0.246
218.6,0.246
218.7,0.247
218.8,0.246
218.9,0.257
219.0,0.258
219.1,0.264
219.2,0.263
219.3,0.275
219.4,0.278
219.5,0.311
219.6,0.299
219.7,0.318
219.8,0.31
219.9,0.331
220.0,0.34
220.1,0.34
220.2,0.358
220.3,0.382
220.4,0.391
220.5,0.408
220.6,0.401
220.7,0.43
220.8,0.437
220.9,0.428
221.0,0.424
221.1,0.434
221.2,0.449
221.3,0.441
221.4,0.447
221.5,0.44
221.6,0.443
221.7,0.428
221.8,0.432
221.9,0.423
222.0,0.433
222.1,0.423
222.2,0.421
222.3,0.425
222.4,0.43
222.5,0.433
222.6,0.429
222.7,0.427
222.8,0.423
222.9,0.422
223.0,0.424
223.1,0.422
223.2,0.417
223.3,0.425
223.4,0.426
223.5,0.436
223.6,0.436
223.7,0.45
223.8,0.455
223.9,0.456
224.0,0.47
224.1,0.464
224.2,0.479
224.3,0.481
224.4,0.483
224.5,0.481
224.6,0.471
224.7,0.486
224.8,0.486
224.9,0.495
225.0,0.478
225.1,0.491
225.2,0.478
225.3,0.468
225.4,0.468
225.5,0.455
225.6,0.448
225.7,0.442
225.8,0.429
225.9,0.417
226.0,0.412
226.1,0.409
226.2,0.399
226.3,0.391
226.4,0.381
226.5,0.379
226.6,0.37
226.7,0.372
226.8,0.368
226.9,0.373
227.0,0.376
227.1,0.379
227.2,0.383
227.3,0.385
227.4,0.389
227.5,0.388
227.6,0.39
227.7,0.392
227.8,0.392
227.9,0.386
228.0,0.385
228.1,0.387
228.2,0.39
228.3,0.39
228.4,0.401
228.5,0.406
228.6,0.411
228.7,0.401
228.8,0.391
228.9,0.375
229.0,0.373
229.1,0.36
229.2,0.363
229.3,0.362
229.4,0.35
229.5,0.363
229.6,0.346
229.7,0.365
229.8,0.358
229.9,0.382
230.0,0.412
230.1,0.414
230.2,0.428
230.3,0.457
230.4,0.45
230.5,0.476
230.6,0.5
230.7,0.521
230.8,0.517
230.9,0.524
231.0,0.505
231.1,0.55
231.2,0.55
231.3,0.558
231.4,0.593
231.5,0.602
231.6,0.639
231.7,0.626
231.8,0.67
231.9,0.652
232.0,0.657
232.1,0.674
232.2,0.677
232.3,0.678
232.4,0.699
232.5,0.688
232.6,0.701
232.7,0.69
232.8,0.71
232.9,0.703
233.0,0.72
233.1,0.701
233.2,0.699
233.3,0.71
233.4,0.684
233.5,0.693
233.6,0.671
233.7,0.671
233.8,0.649
233.9,0.673
234.0,0.655
234.1,0.667
234.2,0.656
234.3,0.652
234.4,0.628
234.5,0.613
234.6,0.553
234.7,0.551
234.8,0.528
234.9,0.517
235.0,0.512
235.1,0.511
235.2,0.488
235.3,0.48
235.4,0.479
235.5,0.447
235.6,0.441
235.7,0.446
235.8,0.434
235.9,0.44
236.0,0.438
236.1,0.428
236.2,0.451
236.3,0.452
236.4,0.464
236.5,0.47
236.6,0.478
236.7,0.48
236.8,0.484
236.9,0.482
237.0,0.489
237.1,0.479
237.2,0.465
237.3,0.455
237.4,0.439
237.5,0.411
237.6,0.392
237.7,0.372
237.8,0.354
237.9,0.339
238.0,0.327
238.1,0.312
238.2,0.305
238.3,0.292
238.4,0.295
238.5,0.29
238.6,0.293
238.7,0.293
238.8,0.301
238.9,0.29
239.0,0.288
239.1,0.292
239.2,0.302
239.3,0.306
239.4,0.31
239.5,0.319
239.6,0.326
239.7,0.322
239.8,0.337
239.9,0.332
240.0,0.328
240.1,0.332
240.2,0.343
240.3,0.347
240.4,0.358
240.5,0.359
240.6,0.335
240.7,0.338
240.8,0.339
240.9,0.359
241.0,0.338
241.1,0.356
241.2,0.34
241.3,0.349
241.4,0.332
241.5,0.357
241.6,0.349
241.7,0.382
241.8,0.362
241.9,0.405
242.0,0.389
242.1,0.429
242.2,0.459
242.3,0.485
242.4,0.528
242.5,0.57
242.6,0.602
242.7,0.626
242.8,0.645
242.9,0.658
243.0,0.654
243.1,0.66
243.2,0.633
243.3,0.604
243.4,0.61
243.5,0.562
243.6,0.571
243.7,0.543
243.8,0.552
243.9,0.502
244.0,0.542
244.1,0.513
244.2,0.533
244.3,0.508
244.4,0.531
244.5,0.519
244.6,0.547
244.7,0.509
244.8,0.518
244.9,0.498
245.0,0.527
245.1,0.511
245.2,0.497
245.3,0.513
245.4,0.497
245.5,0.502
245.6,0.5
245.7,0.51
245.8,0.504
245.9,0.516
246.0,0.497
246.1,0.493
246.2,0.462
246.3,0.452
246.4,0.42
246.5,0.407
246.6,0.402
246.7,0.413
246.8,0.453
246.9,0.505
247.0,0.581
